Country,Rank,Score,GDPperCapita,Family,Health,Freedom,Trust,Generosity,Year,ISO3
Afghanistan,153,3.575,0.31982,0.30285,0.30335,0.23414,0.09719,0.3651,2015,AFG
Afghanistan,154,3.36,0.38227,0.11037,0.17344,0.1643,0.07112,0.31268,2016,AFG
Afghanistan,141,3.79399991,0.401477218,0.581543326,0.180746779,0.10617952,0.06115783,0.311870933,2017,AFG
Afghanistan,145,3.632,0.332,0.537,0.255,0.085,0.036,0.191,2018,AFG
Afghanistan,154,3.203,0.35,0.517,0.361,0,0.025,0.158,2019,AFG
Afghanistan,153,2.567,7.463,0.47,52.59,0.397,0.934,-0.096,2020,AFG
Afghanistan,149,2.523,7.695,0.463,52.493,0.382,0.924,-0.102,2021,AFG
Afghanistan,146,2.404,0.758,0,0.289,0,0.005,0.089,2022,AFG
Albania,95,4.959,0.87867,0.80434,0.81325,0.35733,0.06413,0.14272,2015,ALB
Albania,109,4.655,0.9553,0.50163,0.73007,0.31866,0.05301,0.1684,2016,ALB
Albania,109,4.644000053,0.996192753,0.803685248,0.731159747,0.381498635,0.039864216,0.201312944,2017,ALB
Albania,112,4.586,0.916,0.817,0.79,0.419,0.032,0.149,2018,ALB
Albania,107,4.719,0.947,0.848,0.874,0.383,0.027,0.178,2019,ALB
Albania,105,4.883,9.418,0.671,68.708,0.782,0.896,-0.042,2020,ALB
Albania,93,5.117,9.52,0.697,68.999,0.785,0.901,-0.03,2021,ALB
Albania,90,5.199,1.439,0.646,0.719,0.511,0.028,0.138,2022,ALB
Algeria,68,5.605,0.93929,1.07772,0.61766,0.28579,0.17383,0.07822,2015,DZA
Algeria,38,6.355,1.05266,0.83309,0.61804,0.21006,0.16157,0.07044,2016,DZA
Algeria,53,5.872000217,1.091864467,1.146217465,0.617584646,0.233335808,0.14609611,0.069436647,2017,DZA
Algeria,84,5.295,0.979,1.154,0.687,0.077,0.135,0.055,2018,DZA
Algeria,88,5.211,1.002,1.16,0.785,0.086,0.114,0.073,2019,DZA
Algeria,100,5.005,9.538,0.803,65.905,0.467,0.735,-0.121,2020,DZA
Algeria,109,4.887,9.342,0.802,66.005,0.48,0.752,-0.067,2021,DZA
Algeria,96,5.122,1.363,0.97,0.643,0.146,0.15,0.106,2022,DZA
Angola,137,4.033,0.75778,0.8604,0.16683,0.10384,0.07122,0.12344,2015,AGO
Angola,141,3.866,0.84731,0.66366,0.04991,0.00589,0.08434,0.12071,2016,AGO
Angola,140,3.795000076,0.85842818,1.10441196,0.049868666,0,0.069720335,0.09792649,2017,AGO
Angola,142,3.795,0.73,1.125,0.269,0,0.061,0.079,2018,AGO
Argentina,30,6.574,1.05351,1.24823,0.78723,0.44974,0.08484,0.11451,2015,ARG
Argentina,26,6.65,1.15137,1.06612,0.69711,0.42284,0.07296,0.10989,2016,ARG
Argentina,24,6.598999977,1.185295463,1.440451145,0.695137084,0.494519204,0.059739888,0.109457061,2017,ARG
Argentina,29,6.388,1.073,1.468,0.744,0.57,0.054,0.062,2018,ARG
Argentina,47,6.086,1.092,1.432,0.881,0.471,0.05,0.066,2019,ARG
Argentina,55,5.975,9.811,0.901,68.804,0.831,0.842,-0.195,2020,ARG
Argentina,57,5.929,9.962,0.898,69,0.828,0.834,-0.182,2021,ARG
Argentina,57,5.967,1.592,1.102,0.662,0.555,0.085,0.081,2022,ARG
Armenia,127,4.35,0.76821,0.77711,0.7299,0.19847,0.039,0.07855,2015,ARM
Armenia,121,4.36,0.86086,0.62477,0.64083,0.14037,0.03616,0.07793,2016,ARM
Armenia,121,4.375999928,0.900596738,1.007483721,0.637524426,0.198303267,0.026674422,0.083488092,2017,ARM
Armenia,129,4.321,0.816,0.99,0.666,0.26,0.028,0.077,2018,ARM
Armenia,116,4.559,0.85,1.055,0.815,0.283,0.064,0.095,2019,ARM
Armenia,116,4.677,9.1,0.757,66.751,0.712,0.774,-0.139,2020,ARM
Armenia,86,5.283,9.487,0.799,67.055,0.825,0.629,-0.168,2021,ARM
Armenia,82,5.399,1.434,0.82,0.668,0.558,0.21,0.054,2022,ARM
Australia,10,7.284,1.33358,1.30923,0.93156,0.65124,0.35637,0.43562,2015,AUS
Australia,9,7.313,1.44443,1.10476,0.8512,0.56837,0.32331,0.47407,2016,AUS
Australia,10,7.28399992,1.484414935,1.510041952,0.843886793,0.601607382,0.30118373,0.47769925,2017,AUS
Australia,10,7.272,1.34,1.573,0.91,0.647,0.302,0.361,2018,AUS
Australia,11,7.228,1.372,1.548,1.036,0.557,0.29,0.332,2019,AUS
Australia,12,7.223,10.721,0.945,73.605,0.915,0.415,0.19,2020,AUS
Australia,11,7.183,10.796,0.94,73.9,0.914,0.442,0.159,2021,AUS
Australia,12,7.162,1.9,1.203,0.772,0.676,0.341,0.258,2022,AUS
Austria,13,7.2,1.33723,1.29704,0.89042,0.62433,0.18676,0.33088,2015,AUT
Austria,12,7.119,1.45038,1.08383,0.80565,0.54355,0.21348,0.32865,2016,AUT
Austria,13,7.006000042,1.487097263,1.459944963,0.815328419,0.56776619,0.221060365,0.316472322,2017,AUT
Austria,12,7.139,1.341,1.504,0.891,0.617,0.224,0.242,2018,AUT
Austria,10,7.246,1.376,1.475,1.016,0.532,0.226,0.244,2019,AUT
Austria,9,7.294,10.743,0.928,73.003,0.9,0.5,0.085,2020,AUT
Austria,10,7.268,10.906,0.934,73.3,0.908,0.481,0.042,2021,AUT
Austria,11,7.163,1.931,1.165,0.774,0.623,0.329,0.193,2022,AUT
Azerbaijan,80,5.212,1.02389,0.93793,0.64045,0.3703,0.16065,0.07799,2015,AZE
Azerbaijan,81,5.291,1.12373,0.76042,0.54504,0.35327,0.17914,0.0564,2016,AZE
Azerbaijan,85,5.234000206,1.153601766,1.152400255,0.540775776,0.398155838,0.180987507,0.04526934,2017,AZE
Azerbaijan,87,5.201,1.024,1.161,0.603,0.43,0.176,0.031,2018,AZE
Azerbaijan,90,5.208,1.043,1.147,0.769,0.351,0.182,0.035,2019,AZE
Azerbaijan,89,5.165,9.688,0.819,65.508,0.787,0.553,-0.24,2020,AZE
Azerbaijan,90,5.171,9.569,0.836,65.656,0.814,0.506,-0.223,2021,AZE
Azerbaijan,92,5.173,1.458,1.093,0.56,0.601,0.341,0.023,2022,AZE
Bahrain,49,5.96,1.32376,1.21624,0.74716,0.45492,0.306,0.17362,2015,BHR
Bahrain,42,6.218,1.44024,0.94397,0.65696,0.47375,0.25772,0.17147,2016,BHR
Bahrain,41,6.086999893,1.488412261,1.323110461,0.653133035,0.536746919,0.25704217,0.172668487,2017,BHR
Bahrain,43,6.105,1.338,1.366,0.698,0.594,0.123,0.243,2018,BHR
Bahrain,37,6.199,1.362,1.368,0.871,0.536,0.11,0.255,2019,BHR
Bahrain,40,6.227,10.676,0.876,68.5,0.906,0.739,0.134,2020,BHR
Bahrain,22,6.647,10.669,0.862,69.495,0.925,0.722,0.089,2021,BHR
Bahrain,21,6.647,1.854,1.029,0.625,0.693,0.155,0.199,2022,BHR
Bangladesh,109,4.694,0.39753,0.43106,0.60164,0.4082,0.12569,0.21222,2015,BGD
Bangladesh,110,4.643,0.54177,0.24749,0.52989,0.39778,0.12583,0.19132,2016,BGD
Bangladesh,110,4.607999802,0.586682975,0.735131741,0.533241034,0.478356659,0.123717859,0.172255352,2017,BGD
Bangladesh,115,4.5,0.532,0.85,0.579,0.58,0.144,0.153,2018,BGD
Bangladesh,125,4.456,0.562,0.928,0.723,0.527,0.143,0.166,2019,BGD
Bangladesh,107,4.833,8.287,0.687,64.503,0.901,0.662,-0.034,2020,BGD
Bangladesh,101,5.025,8.454,0.693,64.8,0.877,0.682,-0.041,2021,BGD
Bangladesh,94,5.155,1.06,0.614,0.581,0.622,0.187,0.125,2022,BGD
Belarus,59,5.813,1.03192,1.23289,0.73608,0.37938,0.1909,0.11046,2015,BLR
Belarus,61,5.802,1.13062,1.04993,0.63104,0.29091,0.17457,0.13942,2016,BLR
Belarus,67,5.568999767,1.15655756,1.444945216,0.637714267,0.295400262,0.156313822,0.155137509,2017,BLR
Belarus,73,5.483,1.039,1.498,0.7,0.307,0.154,0.101,2018,BLR
Belarus,81,5.323,1.067,1.465,0.789,0.235,0.142,0.094,2019,BLR
Belarus,75,5.54,9.78,0.907,66.104,0.639,0.636,-0.165,2020,BLR
Belarus,75,5.534,9.853,0.91,66.253,0.65,0.627,-0.18,2021,BLR
Belarus,65,5.821,1.562,1.157,0.629,0.342,0.282,0.04,2022,BLR
Belgium,19,6.937,1.30782,1.28566,0.89667,0.5845,0.2254,0.2225,2015,BEL
Belgium,18,6.929,1.42539,1.05249,0.81959,0.51354,0.26248,0.2424,2016,BEL
Belgium,17,6.890999794,1.463780761,1.462312698,0.818091869,0.539770722,0.251343131,0.231503338,2017,BEL
Belgium,16,6.927,1.324,1.483,0.894,0.583,0.24,0.188,2018,BEL
Belgium,18,6.923,1.356,1.504,0.986,0.473,0.21,0.16,2019,BEL
Belgium,20,6.864,10.674,0.912,72.002,0.814,0.612,-0.079,2020,BEL
Belgium,20,6.834,10.823,0.906,72.199,0.783,0.646,-0.153,2021,BEL
Belgium,19,6.805,1.907,1.106,0.764,0.492,0.204,0.049,2022,BEL
Belize,52,5.956,0.87616,0.68655,0.45569,0.51231,0.10771,0.23684,2016,BLZ
Belize,50,5.955999851,0.907975316,1.081417799,0.450191766,0.547509372,0.096581072,0.240015641,2017,BLZ
Belize,49,5.956,0.807,1.101,0.474,0.593,0.089,0.183,2018,BLZ
Benin,155,3.34,0.28665,0.35386,0.3191,0.4845,0.0801,0.1826,2015,BEN
Benin,153,3.484,0.39499,0.10419,0.21028,0.39747,0.06681,0.2018,2016,BEN
Benin,143,3.657000065,0.431085408,0.435299844,0.209930211,0.425962776,0.060929015,0.207948461,2017,BEN
Benin,136,4.141,0.378,0.372,0.24,0.44,0.067,0.163,2018,BEN
Benin,102,4.883,0.393,0.437,0.397,0.349,0.082,0.175,2019,BEN
Benin,86,5.216,7.674,0.469,54.312,0.735,0.741,-0.004,2020,BEN
Benin,99,5.045,8.087,0.489,54.713,0.757,0.661,-0.034,2021,BEN
Benin,115,4.623,0.932,0.064,0.335,0.479,0.23,0.127,2022,BEN
Bhutan,79,5.253,0.77042,1.10395,0.57407,0.53206,0.15445,0.47998,2015,BTN
Bhutan,84,5.196,0.8527,0.90836,0.49759,0.46074,0.1616,0.48546,2016,BTN
Bhutan,97,5.011000156,0.885416389,1.340126514,0.495879292,0.501537681,0.17338039,0.474054545,2017,BTN
Bhutan,97,5.082,0.796,1.335,0.527,0.541,0.171,0.364,2018,BTN
Bhutan,95,5.082,0.813,1.321,0.604,0.457,0.167,0.37,2019,BTN
Bolivia,51,5.89,0.68133,0.97841,0.5392,0.57414,0.088,0.20536,2015,BOL
Bolivia,59,5.822,0.79422,0.83779,0.4697,0.50961,0.07746,0.21698,2016,BOL
Bolivia,58,5.822999954,0.833756566,1.227619052,0.47363025,0.558732927,0.060477726,0.225560725,2017,BOL
Bolivia,62,5.752,0.751,1.223,0.508,0.606,0.054,0.141,2018,BOL
Bolivia,61,5.779,0.776,1.209,0.706,0.511,0.064,0.137,2019,BOL
Bolivia,65,5.747,8.851,0.803,63.6,0.876,0.823,-0.092,2020,BOL
Bolivia,69,5.716,9.046,0.81,63.901,0.875,0.839,-0.077,2021,BOL
Bolivia,71,5.6,1.256,0.88,0.555,0.627,0.064,0.112,2022,BOL
Bosnia and Herzegovina,96,4.949,0.83223,0.91916,0.79081,0.09245,0.00227,0.24808,2015,BIH
Bosnia and Herzegovina,87,5.163,0.93383,0.64367,0.70766,0.09511,0,0.29889,2016,BIH
Bosnia and Herzegovina,90,5.18200016,0.982409418,1.069335938,0.705186307,0.204403177,0,0.328867495,2017,BIH
Bosnia and Herzegovina,93,5.129,0.915,1.078,0.758,0.28,0,0.216,2018,BIH
Bosnia and Herzegovina,78,5.386,0.945,1.212,0.845,0.212,0.006,0.263,2019,BIH
Bosnia and Herzegovina,69,5.674,9.456,0.829,67.808,0.651,0.934,0.098,2020,BIH
Bosnia and Herzegovina,64,5.813,9.59,0.87,68.098,0.706,0.931,0.113,2021,BIH
Bosnia and Herzegovina,67,5.768,1.468,1.068,0.665,0.448,0.006,0.244,2022,BIH
Botswana,128,4.332,0.99355,1.10464,0.04776,0.49495,0.12474,0.10461,2015,BWA
Botswana,137,3.974,1.09426,0.89186,0.34752,0.44089,0.10769,0.12425,2016,BWA
Botswana,142,3.766000032,1.122094154,1.221554995,0.341755509,0.505196333,0.098583199,0.099348448,2017,BWA
Botswana,146,3.59,1.017,1.174,0.417,0.557,0.092,0.042,2018,BWA
Botswana,148,3.488,1.041,1.145,0.538,0.455,0.1,0.025,2019,BWA
Botswana,147,3.479,9.711,0.779,58.924,0.821,0.778,-0.25,2020,BWA
Botswana,146,3.467,9.782,0.784,59.269,0.824,0.801,-0.246,2021,BWA
Botswana,142,3.471,1.503,0.815,0.28,0.571,0.102,0.012,2022,BWA
Brazil,16,6.983,0.98124,1.23287,0.69702,0.49049,0.17521,0.14574,2015,BRA
Brazil,17,6.952,1.08754,1.03938,0.61415,0.40425,0.14166,0.15776,2016,BRA
Brazil,22,6.635000229,1.10735321,1.431306005,0.616552353,0.437453747,0.111092761,0.162349895,2017,BRA
Brazil,28,6.419,0.986,1.474,0.675,0.493,0.088,0.11,2018,BRA
Brazil,32,6.3,1.004,1.439,0.802,0.39,0.086,0.099,2019,BRA
Brazil,32,6.376,9.566,0.897,66.48,0.8,0.771,-0.102,2020,BRA
Brazil,35,6.33,9.577,0.882,66.601,0.804,0.756,-0.071,2021,BRA
Brazil,38,6.293,1.462,1.044,0.615,0.546,0.134,0.131,2022,BRA
Bulgaria,134,4.218,1.01216,1.10614,0.76649,0.30587,0.00872,0.11921,2015,BGR
Bulgaria,129,4.217,1.11306,0.92542,0.67806,0.21219,0.00615,0.12793,2016,BGR
Bulgaria,105,4.714000225,1.161459088,1.434379458,0.70821768,0.289231718,0.011051531,0.113177694,2017,BGR
Bulgaria,100,4.933,1.054,1.515,0.712,0.359,0.009,0.064,2018,BGR
Bulgaria,97,5.011,1.092,1.513,0.815,0.311,0.004,0.081,2019,BGR
Bulgaria,96,5.102,9.869,0.938,66.804,0.745,0.936,-0.144,2020,BGR
Bulgaria,88,5.266,10.016,0.931,67,0.788,0.932,-0.096,2021,BGR
Bulgaria,85,5.371,1.625,1.163,0.64,0.563,0.021,0.123,2022,BGR
Burkina Faso,152,3.587,0.25812,0.85188,0.27125,0.39493,0.12832,0.21747,2015,BFA
Burkina Faso,145,3.739,0.31995,0.63054,0.21297,0.3337,0.12533,0.24353,2016,BFA
Burkina Faso,134,4.032000065,0.350227714,1.043280005,0.215844259,0.324367851,0.120328106,0.250864685,2017,BFA
Burkina Faso,121,4.424,0.314,1.097,0.254,0.312,0.128,0.175,2018,BFA
Burkina Faso,115,4.587,0.331,1.056,0.38,0.255,0.113,0.177,2019,BFA
Burkina Faso,112,4.769,7.469,0.713,53.889,0.666,0.74,-0.019,2020,BFA
Burkina Faso,113,4.834,7.678,0.672,54.151,0.695,0.748,-0.009,2021,BFA
Burkina Faso,113,4.67,0.779,0.565,0.32,0.382,0.126,0.186,2022,BFA
Burundi,157,2.905,0.0153,0.41587,0.22396,0.1185,0.10062,0.19727,2015,BDI
Burundi,157,2.905,0.06831,0.23442,0.15747,0.0432,0.09419,0.2029,2016,BDI
Burundi,154,2.904999971,0.091622569,0.629793584,0.151610792,0.059900753,0.084147945,0.204435185,2017,BDI
Burundi,156,2.905,0.091,0.627,0.145,0.065,0.076,0.149,2018,BDI
Burundi,145,3.775,0.046,0.447,0.38,0.22,0.18,0.176,2019,BDI
Burundi,140,3.775,6.493,0.49,53.4,0.626,0.607,-0.018,2020,BDI
Burundi,140,3.775,6.635,0.49,53.4,0.626,0.607,-0.024,2021,BDI
Cambodia,145,3.819,0.46038,0.62736,0.61114,0.66246,0.07247,0.40359,2015,KHM
Cambodia,140,3.907,0.55604,0.5375,0.42494,0.58852,0.08092,0.40339,2016,KHM
Cambodia,129,4.168000221,0.601765096,1.006238341,0.429783404,0.633375823,0.068105951,0.385922968,2017,KHM
Cambodia,120,4.433,0.549,1.088,0.457,0.696,0.065,0.256,2018,KHM
Cambodia,109,4.7,0.574,1.122,0.637,0.609,0.062,0.232,2019,KHM
Cambodia,106,4.848,8.25,0.773,61.53,0.96,0.823,0.052,2020,KHM
Cambodia,114,4.83,8.36,0.765,62,0.959,0.843,0.034,2021,KHM
Cambodia,114,4.64,1.019,0.732,0.505,0.74,0.068,0.166,2022,KHM
Cameroon,133,4.252,0.4225,0.88767,0.23402,0.49309,0.05786,0.20618,2015,CMR
Cameroon,114,4.513,0.52497,0.62542,0.12698,0.42736,0.06126,0.2268,2016,CMR
Cameroon,107,4.695000172,0.564305365,0.946018219,0.132892117,0.430388749,0.051306631,0.236298457,2017,CMR
Cameroon,99,4.975,0.535,0.891,0.182,0.454,0.043,0.183,2018,CMR
Cameroon,96,5.044,0.549,0.91,0.331,0.381,0.037,0.187,2019,CMR
Cameroon,98,5.085,8.119,0.7,52.705,0.763,0.851,-0.001,2020,CMR
Cameroon,91,5.142,8.189,0.71,53.515,0.731,0.848,0.026,2021,CMR
Cameroon,102,5.048,0.968,0.672,0.317,0.397,0.074,0.152,2022,CMR
Canada,5,7.427,1.32629,1.32261,0.90563,0.63297,0.32957,0.45811,2015,CAN
Canada,6,7.404,1.44015,1.0961,0.8276,0.5737,0.31329,0.44834,2016,CAN
Canada,7,7.315999985,1.479204416,1.481348991,0.834557652,0.611100912,0.287371516,0.435539722,2017,CAN
Canada,7,7.328,1.33,1.532,0.896,0.653,0.291,0.321,2018,CAN
Canada,9,7.278,1.365,1.505,1.039,0.584,0.308,0.285,2019,CAN
Canada,11,7.232,10.692,0.927,73.602,0.934,0.391,0.125,2020,CAN
Canada,14,7.103,10.776,0.926,73.8,0.915,0.415,0.089,2021,CAN
Canada,15,7.025,1.886,1.188,0.783,0.659,0.368,0.217,2022,CAN
Central African Republic,148,3.678,0.0785,0,0.06699,0.48879,0.08289,0.23835,2015,CAF
Central African Republic,155,2.693000078,0,0,0.018772686,0.270842046,0.056565076,0.280876487,2017,CAF
Central African Republic,155,3.083,0.024,0,0.01,0.305,0.038,0.218,2018,CAF
Central African Republic,155,3.083,0.026,0,0.105,0.225,0.035,0.235,2019,CAF
Central African Republic,149,3.476,6.625,0.319,45.2,0.641,0.892,0.082,2020,CAF
Chad,149,3.667,0.34193,0.76062,0.1501,0.23501,0.05269,0.18386,2015,TCD
Chad,144,3.763,0.42214,0.63178,0.03824,0.12807,0.04952,0.18667,2016,TCD
Chad,137,3.936000109,0.438012987,0.953855872,0.041134715,0.162342027,0.053581882,0.21611385,2017,TCD
Chad,131,4.301,0.358,0.907,0.053,0.189,0.06,0.181,2018,TCD
Chad,132,4.35,0.35,0.766,0.192,0.174,0.078,0.198,2019,TCD
Chad,127,4.423,7.468,0.632,48.221,0.587,0.803,0.018,2020,TCD
Chad,128,4.355,7.364,0.619,48.478,0.579,0.807,0.041,2021,TCD
Chad,130,4.251,0.662,0.506,0.225,0.18,0.077,0.182,2022,TCD
Chile,27,6.67,1.10715,1.12447,0.85857000000000006,0.44132,0.12869,0.33363,2015,CHL
Chile,24,6.705,1.2167,0.90587,0.81883,0.37789,0.11451,0.31595,2016,CHL
Chile,20,6.65199995,1.25278461,1.284024954,0.819479704,0.376895279,0.082287982,0.326662421,2017,CHL
Chile,25,6.476,1.131,1.331,0.808,0.431,0.061,0.197,2018,CHL
Chile,26,6.444,1.159,1.369,0.92,0.357,0.056,0.187,2019,CHL
Chile,39,6.228,10.032,0.88,69.901,0.745,0.838,-0.066,2020,CHL
Chile,43,6.172,10.071,0.882,70,0.742,0.83,-0.044,2021,CHL
Chile,44,6.172,1.651,1.08,0.748,0.46,0.069,0.124,2022,CHL
China,84,5.14,0.89012,0.94675,0.81658,0.51697,0.02781,0.08185,2015,CHN
China,83,5.245,1.0278,0.79381,0.73561,0.44012,0.02745,0.04959,2016,CHN
China,79,5.272999763,1.081165791,1.160837412,0.741415501,0.472787708,0.022794275,0.028806841,2017,CHN
China,86,5.246,0.989,1.142,0.799,0.597,0.103,0.029,2018,CHN
China,93,5.191,1.029,1.125,0.893,0.521,0.1,0.058,2019,CHN
China,94,5.124,9.689,0.799,69.289,0.899,0.754,-0.181,2020,CHN
China,84,5.339,9.673,0.811,69.593,0.904,0.755,-0.146,2021,CHN
China,72,5.585,1.508,0.958,0.705,0.656,0.142,0.099,2022,CHN
Colombia,33,6.477,0.91861,1.24018,0.69077,0.53466,0.0512,0.18401,2015,COL
Colombia,31,6.481,1.03032,1.02169,0.59659,0.44735,0.05399,0.15626,2016,COL
Colombia,36,6.356999874,1.070622325,1.402182937,0.595027924,0.477487415,0.046668742,0.149014473,2017,COL
Colombia,37,6.26,0.96,1.439,0.635,0.531,0.039,0.099,2018,COL
Colombia,43,6.125,0.985,1.41,0.841,0.47,0.034,0.099,2019,COL
Colombia,44,6.163,9.5,0.884,67.7,0.836,0.865,-0.161,2020,COL
Colombia,52,6.012,9.557,0.847,68.001,0.837,0.841,-0.135,2021,COL
Colombia,66,5.781,1.452,0.929,0.72,0.545,0.077,0.087,2022,COL
Comoros,140,3.956,0.23906,0.79273,0.36315,0.22917,0.199,0.17441,2015,COM
Comoros,138,3.956,0.27509,0.60323,0.29981,0.15412,0.18437,0.1827,2016,COM
Comoros,142,3.973,0.274,0.757,0.505,0.142,0.078,0.275,2019,COM
Comoros,134,4.289,7.834,0.626,57.349,0.548,0.781,0.09,2020,COM
Comoros,131,4.289,8.031,0.626,57.349,0.548,0.781,0.082,2021,COM
Comoros,116,4.609,0.899,0.476,0.424,0.185,0.125,0.195,2022,COM
Congo,99,5.075,0.95,0.405,0.355,0.431,0.146,0.13,2022,COG
Congo (Brazzaville),139,3.989,0.67866,0.6629,0.31051,0.41466,0.11686,0.12388,2015,NA
Congo (Brazzaville),127,4.236,0.77109,0.47799,0.28212,0.37938,0.09753,0.12077,2016,NA
Congo (Brazzaville),124,4.290999889,0.808964252,0.832044363,0.289957434,0.435025871,0.079618134,0.120852128,2017,NA
Congo (Brazzaville),114,4.559,0.682,0.811,0.343,0.514,0.077,0.091,2018,NA
Congo (Brazzaville),103,4.812,0.673,0.799,0.508,0.372,0.093,0.105,2019,NA
Congo (Brazzaville),88,5.194,8.537,0.64,57.924,0.719,0.752,-0.124,2020,NA
Congo (Brazzaville),83,5.342,8.117,0.636,58.221,0.695,0.745,-0.068,2021,NA
Congo (Kinshasa),120,4.517,0,1.0012,0.09806,0.22605,0.07625,0.24834,2015,NA
Congo (Kinshasa),125,4.272,0.05661,0.80676,0.188,0.15602,0.06075,0.25458,2016,NA
Congo (Kinshasa),126,4.28000021,0.092102349,1.229023457,0.191407025,0.235961348,0.060241356,0.246455833,2017,NA
Congo (Kinshasa),132,4.245,0.069,1.136,0.204,0.312,0.052,0.197,2018,NA
Congo (Kinshasa),127,4.418,0.094,1.125,0.357,0.269,0.053,0.212,2019,NA
Congo (Kinshasa),131,4.311,6.694,0.672,52.9,0.701,0.809,0.084,2020,NA
Costa Rica,12,7.226,0.95578,1.23788,0.86027,0.63376,0.10583,0.25497,2015,CRI
Costa Rica,14,7.087,1.06879,1.02152,0.76146,0.55225,0.10547,0.22553,2016,CRI
Costa Rica,12,7.078999996,1.109706283,1.416403651,0.759509265,0.58013165,0.100106589,0.214613229,2017,CRI
Costa Rica,13,7.072,1.01,1.459,0.817,0.632,0.101,0.143,2018,CRI
Costa Rica,12,7.167,1.034,1.441,0.963,0.558,0.093,0.144,2019,CRI
Costa Rica,15,7.121,9.658,0.902,71.3,0.935,0.786,-0.102,2020,CRI
Costa Rica,16,7.069,9.88,0.891,71.4,0.934,0.809,-0.126,2021,CRI
Costa Rica,23,6.582,1.584,1.054,0.744,0.661,0.102,0.089,2022,CRI
Croatia,62,5.759,1.08254,0.79624,0.78805,0.25883,0.0243,0.05444,2015,HRV
Croatia,74,5.488,1.18649,0.60809,0.70524,0.23907,0.04002,0.18434,2016,HRV
Croatia,77,5.293000221,1.222556233,0.967983007,0.701288521,0.255772293,0.04310311,0.24800297600000001,2017,HRV
Croatia,82,5.321,1.115,1.161,0.737,0.38,0.039,0.12,2018,HRV
Croatia,75,5.432,1.155,1.266,0.914,0.296,0.022,0.119,2019,HRV
Croatia,79,5.505,10.071,0.875,70.215,0.715,0.916,-0.129,2020,HRV
Croatia,60,5.882,10.217,0.924,70.799,0.754,0.939,-0.118,2021,HRV
Croatia,47,6.125,1.705,1.183,0.709,0.535,0,0.109,2022,HRV
Cyprus,67,5.689,1.20813,0.89318,0.92356,0.40672,0.06146,0.30638,2015,CYP
Cyprus,69,5.546,1.31857,0.70697,0.8488,0.29507,0.05228,0.27906,2016,CYP
Cyprus,65,5.620999813,1.355938077,1.131363273,0.844714701,0.355111539,0.041237976,0.271254301,2017,CYP
Cyprus,61,5.762,1.229,1.191,0.909,0.423,0.035,0.202,2018,CYP
Cyprus,49,6.046,1.263,1.223,1.042,0.406,0.041,0.19,2019,CYP
Cyprus,45,6.159,10.406,0.806,73.702,0.78,0.856,0.044,2020,CYP
Cyprus,39,6.223,10.576,0.802,73.898,0.763,0.844,-0.015,2021,CYP
Cyprus,41,6.221,1.815,0.909,0.819,0.448,0.062,0.123,2022,CYP
Czech Republic,31,6.505,1.17898,1.20643,0.84483,0.46364,0.02652,0.10686,2015,CZE
Czech Republic,27,6.596,1.30915,1.00793,0.76376,0.41418,0.03986,0.09929,2016,CZE
Czech Republic,23,6.609000206,1.352682352,1.433885217,0.754444003,0.490946174,0.036872927,0.088106759,2017,CZE
Czech Republic,21,6.711,1.233,1.489,0.854,0.543,0.034,0.064,2018,CZE
Czech Republic,20,6.852,1.269,1.487,0.92,0.457,0.036,0.046,2019,CZE
Czech Republic,19,6.911,10.404,0.914,70.048,0.819,0.858,-0.231,2020,CZE
Czech Republic,18,6.965,10.556,0.947,70.807,0.858,0.868,-0.208,2021,CZE
Czechia,18,6.92,1.815,1.26,0.715,0.66,0.048,0.158,2022,NA
Denmark,3,7.527,1.32548,1.36058,0.87464,0.64938,0.48357,0.34139,2015,DNK
Denmark,1,7.526,1.44178,1.16374,0.79504,0.57941,0.44453,0.36171,2016,DNK
Denmark,2,7.521999836,1.482383013,1.551121593,0.792565525,0.626006722,0.400770068,0.355280489,2017,DNK
Denmark,3,7.555,1.351,1.59,0.868,0.683,0.408,0.284,2018,DNK
Denmark,2,7.6,1.383,1.573,0.996,0.592,0.41,0.252,2019,DNK
Denmark,2,7.646,10.774,0.956,72.403,0.951,0.168,0.066,2020,DNK
Denmark,2,7.62,10.933,0.954,72.7,0.946,0.179,0.03,2021,DNK
Denmark,2,7.636,1.953,1.243,0.777,0.719,0.532,0.188,2022,DNK
Djibouti,126,4.369,0.44025,0.59207,0.36291,0.46074,0.28105,0.18093,2015,DJI
Dominican Republic,98,4.885,0.89537,1.17202,0.66825,0.57672,0.14234,0.21684,2015,DOM
Dominican Republic,89,5.155,1.02787,0.99496,0.57669,0.52259,0.12372,0.21286,2016,DOM
Dominican Republic,86,5.230000019,1.079373837,1.402416706,0.574873745,0.552589834,0.113945253,0.18696785,2017,DOM
Dominican Republic,83,5.302,0.982,1.441,0.614,0.578,0.106,0.12,2018,DOM
Dominican Republic,77,5.425,1.015,1.401,0.779,0.497,0.101,0.113,2019,DOM
Dominican Republic,68,5.689,9.665,0.882,65.807,0.866,0.756,-0.131,2020,DOM
Dominican Republic,73,5.545,9.802,0.853,66.102,0.86,0.714,-0.133,2021,DOM
Dominican Republic,69,5.737,1.538,1.003,0.577,0.606,0.179,0.084,2022,DOM
Ecuador,48,5.975,0.86402,0.99903,0.79075,0.48574,0.1809,0.11541,2015,ECU
Ecuador,51,5.976,0.97306,0.85974,0.68613,0.4027,0.18037,0.10074,2016,ECU
Ecuador,44,6.007999897,1.0008203980000001,1.286168814,0.685636222,0.455198199,0.140134647,0.150112465,2017,ECU
Ecuador,48,5.973,0.889,1.33,0.736,0.556,0.12,0.114,2018,ECU
Ecuador,50,6.028,0.912,1.312,0.868,0.498,0.087,0.126,2019,ECU
Ecuador,58,5.925,9.246,0.836,68.5,0.86,0.801,-0.127,2020,ECU
Ecuador,66,5.764,9.313,0.821,68.8,0.842,0.843,-0.124,2021,ECU
Ecuador,76,5.533,1.352,0.879,0.708,0.565,0.083,0.08,2022,ECU
Egypt,135,4.194,0.8818,0.747,0.61712,0.17288,0.06324,0.11291,2015,EGY
Egypt,120,4.362,0.95395,0.49813,0.52116,0.18847,0.10393,0.12706,2016,EGY
Egypt,104,4.735000134,0.989701807,0.997471392,0.520187259,0.282110155,0.114381365,0.128631443,2017,EGY
Egypt,122,4.419,0.885,1.025,0.553,0.312,0.107,0.092,2018,EGY
Egypt,137,4.166,0.913,1.039,0.644,0.241,0.067,0.076,2019,EGY
Egypt,138,4.151,9.317,0.735,61.78,0.708,0.788,-0.197,2020,EGY
Egypt,132,4.283,9.367,0.75,61.998,0.749,0.795,-0.182,2021,EGY
Egypt,129,4.288,1.388,0.732,0.548,0.469,0.254,0.041,2022,EGY
El Salvador,42,6.13,0.76454,1.02507,0.67737,0.4035,0.11776,0.10692,2015,SLV
El Salvador,46,6.068,0.8737,0.80975,0.596,0.37269,0.10613,0.08877,2016,SLV
El Salvador,45,6.002999783,0.909784496,1.182125092,0.596018553,0.43245253,0.08998096,0.078257985,2017,SLV
El Salvador,40,6.167,0.806,1.231,0.639,0.461,0.082,0.065,2018,SLV
El Salvador,35,6.253,0.794,1.242,0.789,0.43,0.074,0.093,2019,SLV
El Salvador,34,6.348,8.909,0.806,66.108,0.834,0.754,-0.121,2020,SLV
El Salvador,49,6.061,9.054,0.762,66.402,0.888,0.688,-0.11,2021,SLV
El Salvador,49,6.12,1.265,0.768,0.607,0.666,0.212,0.089,2022,SLV
Estonia,73,5.429,1.15174,1.22791,0.77361,0.44888,0.15184,0.0868,2015,EST
Estonia,72,5.517,1.2796400000000001,1.05163,0.68098,0.41511,0.18519,0.08423,2016,EST
Estonia,66,5.611000061,1.32087934,1.4766711,0.695168316,0.47913143,0.183248922,0.098890811,2017,EST
Estonia,63,5.739,1.2,1.532,0.737,0.553,0.174,0.086,2018,EST
Estonia,55,5.893,1.237,1.528,0.874,0.495,0.161,0.103,2019,EST
Estonia,51,6.022,10.34,0.935,68.605,0.878,0.623,-0.112,2020,EST
Estonia,40,6.189,10.481,0.941,68.8,0.909,0.527,-0.106,2021,EST
Estonia,36,6.341,1.793,1.232,0.728,0.689,0.333,0.123,2022,EST
Eswatini,125,4.396,1.274,0.786,0.197,0.259,0.154,0.038,2022,NA
Ethiopia,122,4.512,0.19073,0.60406,0.44055,0.4345,0.15048,0.24325,2015,ETH
Ethiopia,115,4.508,0.29283,0.37932,0.34578,0.36703,0.1717,0.29522,2016,ETH
Ethiopia,119,4.4600000380000004,0.339233845,0.864669204,0.353409708,0.408842742,0.165455714,0.31265074,2017,ETH
Ethiopia,127,4.35,0.308,0.95,0.391,0.452,0.146,0.22,2018,ETH
Ethiopia,134,4.286,0.336,1.033,0.532,0.344,0.1,0.209,2019,ETH
Ethiopia,136,4.186,7.509,0.743,58.64,0.741,0.754,0.043,2020,ETH
Ethiopia,133,4.275,7.694,0.764,59,0.752,0.761,0.082,2021,ETH
Ethiopia,131,4.241,0.788,0.809,0.457,0.472,0.136,0.205,2022,ETH
Finland,6,7.406,1.29025,1.31826,0.88911,0.64169,0.41372,0.23351,2015,FIN
Finland,5,7.413,1.40598,1.13464,0.81091,0.57104,0.41004,0.25492,2016,FIN
Finland,5,7.468999863,1.443571925,1.540246725,0.80915767,0.617950857,0.382611543,0.245482773,2017,FIN
Finland,1,7.632,1.305,1.592,0.874,0.681,0.393,0.202,2018,FIN
Finland,1,7.769,1.34,1.587,0.986,0.596,0.393,0.153,2019,FIN
Finland,1,7.809,10.639,0.954,71.901,0.949,0.195,-0.059,2020,FIN
Finland,1,7.842,10.775,0.954,72,0.949,0.186,-0.098,2021,FIN
Finland,1,7.821,1.892,1.258,0.775,0.736,0.534,0.109,2022,FIN
France,29,6.575,1.27778,1.26038,0.94579,0.55011,0.20646,0.12332,2015,FRA
France,32,6.478,1.39488,1.00508,0.83795,0.46562,0.17808,0.1216,2016,FRA
France,31,6.441999912,1.430923462,1.387776852,0.844465852,0.470222116,0.172502428,0.129762307,2017,FRA
France,23,6.489,1.293,1.466,0.908,0.52,0.176,0.098,2018,FRA
France,24,6.592,1.324,1.472,1.045,0.436,0.183,0.111,2019,FRA
France,23,6.664,10.584,0.937,73.802,0.825,0.584,-0.131,2020,FRA
France,21,6.69,10.704,0.942,74,0.822,0.571,-0.147,2021,FRA
France,20,6.687,1.863,1.219,0.808,0.567,0.266,0.07,2022,FRA
Gabon,143,3.896,1.06024,0.90528,0.43372,0.31914,0.11091,0.06822,2015,GAB
Gabon,134,4.121,1.15851,0.72368,0.3494,0.28098,0.09314,0.06244,2016,GAB
Gabon,118,4.465000153,1.198210239,1.155620217,0.356578588,0.312328577,0.076046787,0.043785378,2017,GAB
Gabon,103,4.758,1.036,1.164,0.404,0.356,0.052,0.032,2018,GAB
Gabon,104,4.799,1.057,1.183,0.571,0.295,0.055,0.043,2019,GAB
Gabon,108,4.829,9.681,0.788,59.715,0.705,0.849,-0.222,2020,GAB
Gabon,112,4.852,9.603,0.776,59.962,0.731,0.84,-0.2,2021,GAB
Gabon,106,4.958,1.459,0.738,0.396,0.343,0.099,0.032,2022,GAB
Gambia,120,4.516,0.308,0.939,0.428,0.382,0.167,0.269,2019,GMB
Gambia,113,4.751,7.322,0.693,55.012,0.733,0.691,0.343,2020,GMB
Gambia,98,5.051,7.686,0.69,55.16,0.697,0.746,0.424,2021,GMB
Gambia,93,5.164,0.785,0.621,0.369,0.367,0.103,0.388,2022,GMB
Georgia,130,4.297,0.7419,0.38562,0.72926,0.40577,0.38331,0.05547,2015,GEO
Georgia,126,4.252,0.83792,0.19249,0.64035,0.32461,0.3188,0.06786,2016,GEO
Georgia,125,4.285999775,0.950612664,0.570614934,0.649546981,0.309410036,0.251666635,0.054008815,2017,GEO
Georgia,128,4.34,0.853,0.592,0.643,0.375,0.215,0.038,2018,GEO
Georgia,119,4.519,0.886,0.666,0.752,0.346,0.164,0.043,2019,GEO
Georgia,117,4.673,9.226,0.629,64.495,0.802,0.666,-0.229,2020,GEO
Georgia,108,4.891,9.585,0.671,64.3,0.783,0.655,-0.238,2021,GEO
Georgia,105,4.973,1.467,0.612,0.595,0.508,0.208,0,2022,GEO
Germany,26,6.75,1.32792,1.29937,0.89186,0.61477,0.21843,0.28214,2015,DEU
Germany,16,6.994,1.44787,1.09774,0.81487,0.53466,0.28551,0.30452,2016,DEU
Germany,16,6.951000214,1.487923384,1.472520351,0.798950732,0.562511384,0.276731938,0.33626917,2017,DEU
Germany,15,6.965,1.34,1.474,0.861,0.586,0.28,0.273,2018,DEU
Germany,17,6.985,1.373,1.454,0.987,0.495,0.265,0.261,2019,DEU
Germany,17,7.076,10.733,0.899,72.202,0.867,0.456,0.08,2020,DEU
Germany,13,7.155,10.873,0.903,72.5,0.875,0.46,0.011,2021,DEU
Germany,14,7.034,1.924,1.088,0.776,0.585,0.358,0.163,2022,DEU
Ghana,114,4.633,0.54558,0.67954,0.40132,0.42342,0.04355,0.23087,2015,GHA
Ghana,124,4.276,0.63107,0.49353,0.29681,0.40973,0.0326,0.21203,2016,GHA
Ghana,131,4.1199998859999996,0.667224824,0.873664737,0.295637727,0.423026294,0.02533637,0.256923944,2017,GHA
Ghana,108,4.657,0.592,0.896,0.337,0.499,0.029,0.212,2018,GHA
Ghana,98,4.996,0.611,0.868,0.486,0.381,0.04,0.245,2019,GHA
Ghana,91,5.148,8.351,0.729,57.204,0.795,0.848,0.094,2020,GHA
Ghana,95,5.088,8.58,0.727,57.586,0.807,0.848,0.123,2021,GHA
Ghana,111,4.872,1.112,0.595,0.409,0.5,0.056,0.23,2022,GHA
Greece,102,4.857,1.15406,0.92933,0.88213,0.07699,0.01397,0,2015,GRC
Greece,99,5.033,1.24886,0.75473,0.80029,0.05822,0.04127,0,2016,GRC
Greece,87,5.227000237,1.289487481,1.239414573,0.810198903,0.095731251,0.043289777,0,2017,GRC
Greece,79,5.358,1.154,1.202,0.879,0.131,0.044,0,2018,GRC
Greece,82,5.287,1.181,1.156,0.999,0.067,0.034,0,2019,GRC
Greece,77,5.515,10.132,0.814,72.405,0.541,0.86,-0.301,2020,GRC
Greece,68,5.723,10.279,0.823,72.6,0.582,0.823,-0.288,2021,GRC
Greece,58,5.948,1.703,0.98,0.774,0.249,0.108,0.015,2022,GRC
Guatemala,43,6.123,0.74553,1.04356,0.64425,0.57733,0.09472,0.27489,2015,GTM
Guatemala,39,6.324,0.83454,0.87119,0.54039,0.50379,0.08701,0.28808,2016,GTM
Guatemala,29,6.453999996,0.872001946,1.255585194,0.54023999,0.531310618,0.077223279,0.283488393,2017,GTM
Guatemala,30,6.382,0.781,1.268,0.608,0.604,0.071,0.179,2018,GTM
Guatemala,27,6.436,0.8,1.269,0.746,0.535,0.078,0.175,2019,GTM
Guatemala,29,6.399,8.925,0.817,64.809,0.908,0.783,-0.043,2020,GTM
Guatemala,30,6.435,9.053,0.813,64.958,0.906,0.775,-0.038,2021,GTM
Guatemala,39,6.262,1.274,0.831,0.522,0.662,0.115,0.112,2022,GTM
Guinea,150,3.656,0.17417,0.46475,0.24009,0.37725,0.12139,0.28657,2015,GIN
Guinea,151,3.607,0.22415,0.3109,0.18829,0.30953,0.1192,0.29914,2016,GIN
Guinea,149,3.506999969,0.24454993,0.791244686,0.194129139,0.348587513,0.110937618,0.264815092,2017,GIN
Guinea,140,3.964,0.344,0.792,0.211,0.394,0.094,0.185,2018,GIN
Guinea,118,4.534,0.38,0.829,0.375,0.332,0.086,0.207,2019,GIN
Guinea,102,4.949,7.751,0.638,54.468,0.707,0.762,0.076,2020,GIN
Guinea,102,4.984,7.838,0.639,55.008,0.697,0.766,0.095,2021,GIN
Guinea,109,4.891,0.848,0.566,0.275,0.334,0.116,0.214,2022,GIN
Haiti,119,4.518,0.26673,0.74302,0.38847,0.24425,0.17175,0.46187,2015,HTI
Haiti,136,4.028,0.34097,0.29561,0.27494,0.12072,0.14476,0.47958,2016,HTI
Haiti,145,3.602999926,0.368610263,0.640449822,0.27732113,0.030369857,0.09987215,0.489203781,2017,HTI
Haiti,148,3.582,0.315,0.714,0.289,0.025,0.104,0.392,2018,HTI
Haiti,147,3.597,0.323,0.688,0.449,0.026,0.11,0.419,2019,HTI
Haiti,142,3.721,7.411,0.593,55.599,0.538,0.685,0.401,2020,HTI
Haiti,143,3.615,7.477,0.54,55.7,0.593,0.721,0.422,2021,HTI
Honduras,105,4.788,0.59532,0.95348,0.6951,0.40148,0.06825,0.23027,2015,HND
Honduras,104,4.871,0.69429,0.75596,0.58383,0.26755,0.06906,0.2044,2016,HND
Honduras,91,5.181000233,0.730573118,1.143944979,0.58256948,0.34807986,0.073345453,0.236188874,2017,HND
Honduras,72,5.504,0.62,1.205,0.622,0.459,0.074,0.197,2018,HND
Honduras,59,5.86,0.642,1.236,0.828,0.507,0.078,0.246,2019,HND
Honduras,56,5.953,8.425,0.822,67.199,0.871,0.801,0.087,2020,HND
Honduras,59,5.919,8.648,0.812,67.3,0.857,0.809,0.081,2021,HND
Honduras,55,6.022,1.111,0.885,0.555,0.582,0.076,0.202,2022,HND
Hong Kong,72,5.474,1.38604,1.05818,1.01328,0.59608,0.37124,0.39478,2015,HKG
Hong Kong,75,5.458,1.5107,0.87021,0.95277,0.48079,0.31647,0.40097,2016,HKG
Hong Kong,76,5.43,1.405,1.29,1.03,0.524,0.291,0.246,2018,HKG
Hong Kong,76,5.43,1.438,1.277,1.122,0.44,0.287,0.258,2019,HKG
Hong Kong,81,5.425,1.957,0.954,0.942,0.4,0.383,0.147,2022,HKG
Hong Kong S.A.R. of China,78,5.51,10.935,0.846,76.772,0.78,0.421,0.135,2020,NA
Hong Kong S.A.R. of China,77,5.477,11,0.836,76.82,0.717,0.403,0.067,2021,NA
"Hong Kong S.A.R., China",71,5.472000122,1.551674843,1.262790918,0.943062425,0.490968645,0.293933749,0.374465793,2017,NA
Hungary,104,4.8,1.12094,1.20215,0.75905,0.32112,0.02758,0.128,2015,HUN
Hungary,91,5.145,1.24142,0.93164,0.67608,0.1977,0.04472,0.099,2016,HUN
Hungary,75,5.323999882,1.286011934,1.343133092,0.687763453,0.175863519,0.036636937,0.078401662,2017,HUN
Hungary,69,5.62,1.171,1.401,0.732,0.259,0.022,0.061,2018,HUN
Hungary,62,5.758,1.201,1.41,0.828,0.199,0.02,0.081,2019,HUN
Hungary,53,6,10.249,0.922,67.61,0.719,0.893,-0.194,2020,HUN
Hungary,53,5.992,10.358,0.943,68,0.755,0.876,-0.186,2021,HUN
Hungary,51,6.086,1.748,1.233,0.668,0.485,0.064,0.078,2022,HUN
Iceland,2,7.561,1.30232,1.40223,0.94784,0.62877,0.14145,0.4363,2015,ISL
Iceland,3,7.501,1.42666,1.18326,0.86733,0.56624,0.14975,0.47678,2016,ISL
Iceland,3,7.504000187,1.48063302,1.610574007,0.833552122,0.627162635,0.153526559,0.475540221,2017,ISL
Iceland,4,7.495,1.343,1.644,0.914,0.677,0.138,0.353,2018,ISL
Iceland,4,7.494,1.38,1.624,1.026,0.591,0.118,0.354,2019,ISL
Iceland,4,7.504,10.773,0.975,73,0.949,0.712,0.247,2020,ISL
Iceland,4,7.554,10.878,0.983,73,0.955,0.673,0.16,2021,ISL
Iceland,3,7.557,1.936,1.32,0.803,0.718,0.191,0.27,2022,ISL
India,117,4.565,0.64499,0.38174,0.51529,0.39786,0.08492,0.26475,2015,IND
India,118,4.404,0.74036,0.29247,0.45091,0.40285,0.08722,0.25028,2016,IND
India,122,4.315000057,0.792221248,0.754372597,0.455427617,0.469987005,0.092226885,0.231538489,2017,IND
India,133,4.19,0.721,0.747,0.485,0.539,0.093,0.172,2018,IND
India,140,4.015,0.755,0.765,0.588,0.498,0.085,0.2,2019,IND
India,144,3.573,8.85,0.592,60.215,0.881,0.772,0.058,2020,IND
India,139,3.819,8.755,0.603,60.633,0.893,0.774,0.089,2021,IND
India,136,3.777,1.167,0.376,0.471,0.647,0.123,0.198,2022,IND
Indonesia,74,5.399,0.82827,1.08708,0.63793,0.46611,0,0.51535,2015,IDN
Indonesia,79,5.314,0.95104,0.87625,0.49374,0.39237,0.00322,0.56521,2016,IDN
Indonesia,81,5.262000084,0.99553859200000006,1.274444699,0.492345721,0.443323463,0.015317135,0.611704588,2017,IDN
Indonesia,96,5.093,0.899,1.215,0.522,0.538,0.018,0.484,2018,IDN
Indonesia,92,5.192,0.931,1.203,0.66,0.491,0.028,0.498,2019,IDN
Indonesia,84,5.286,9.37,0.808,62.156,0.871,0.876,0.52,2020,IDN
Indonesia,82,5.345,9.365,0.811,62.236,0.873,0.867,0.542,2021,IDN
Indonesia,87,5.24,1.382,0.883,0.539,0.62,0.047,0.468,2022,IDN
Iran,110,4.686,1.0088,0.54447,0.69805,0.30033,0.05863,0.38086,2015,NA
Iran,105,4.813,1.11758,0.38857,0.64232,0.22544,0.0557,0.38538,2016,NA
Iran,108,4.691999912,1.156873107,0.711551249,0.639333189,0.249322608,0.048761073,0.387242913,2017,NA
Iran,106,4.707,1.059,0.771,0.691,0.459,0.129,0.282,2018,NA
Iran,117,4.548,1.1,0.842,0.785,0.305,0.125,0.27,2019,NA
Iran,118,4.672,9.814,0.695,66.006,0.648,0.715,0.118,2020,NA
Iran,118,4.721,9.584,0.71,66.3,0.608,0.714,0.218,2021,NA
Iran,110,4.888,1.41,0.741,0.642,0.281,0.146,0.241,2022,NA
Iraq,112,4.677,0.98549,0.81889,0.60237,0,0.13788,0.17922,2015,IRQ
Iraq,112,4.575,1.07474,0.59205,0.51076,0.24856,0.13636,0.19589,2016,IRQ
Iraq,117,4.497000217,1.102710485,0.978613198,0.50118047,0.288555533,0.107215755,0.199637264,2017,IRQ
Iraq,117,4.456,1.01,0.971,0.536,0.304,0.095,0.148,2018,IRQ
Iraq,126,4.437,1.043,0.98,0.574,0.241,0.089,0.148,2019,IRQ
Iraq,110,4.785,9.661,0.748,59.904,0.633,0.822,-0.07,2020,IRQ
Iraq,111,4.854,9.24,0.746,60.583,0.63,0.875,-0.053,2021,IRQ
Iraq,107,4.941,1.289,0.682,0.554,0.328,0.046,0.147,2022,IRQ
Ireland,18,6.94,1.33596,1.36948,0.89533,0.61777,0.28703,0.45901,2015,IRL
Ireland,19,6.907,1.48341,1.16157,0.81455,0.54008,0.29754,0.44963,2016,IRL
Ireland,15,6.977000237,1.535706639,1.5582311150000001,0.809782624,0.573110342,0.298388153,0.427858323,2017,IRL
Ireland,14,6.977,1.448,1.583,0.876,0.614,0.306,0.307,2018,IRL
Ireland,16,7.021,1.499,1.553,0.999,0.516,0.31,0.298,2019,IRL
Ireland,16,7.094,11.161,0.942,72.301,0.887,0.357,0.146,2020,IRL
Ireland,15,7.085,11.342,0.947,72.4,0.879,0.363,0.077,2021,IRL
Ireland,13,7.041,2.129,1.166,0.779,0.627,0.408,0.19,2022,IRL
Israel,11,7.278,1.22857,1.22393,0.91387,0.41319,0.07785,0.33172,2015,ISR
Israel,11,7.267,1.33766,0.99537,0.84917,0.36432,0.08728,0.32288,2016,ISR
Israel,11,7.212999821,1.375382423,1.376289964,0.838404,0.405988604,0.0852421,0.330082655,2017,ISR
Israel,19,6.814,1.301,1.559,0.883,0.533,0.272,0.354,2018,ISR
Israel,13,7.139,1.276,1.455,1.029,0.371,0.082,0.261,2019,ISR
Israel,14,7.129,10.418,0.914,73.2,0.748,0.781,0.103,2020,ISR
Israel,12,7.157,10.575,0.939,73.503,0.8,0.753,0.031,2021,ISR
Israel,9,7.364,1.826,1.221,0.818,0.568,0.143,0.155,2022,ISR
Italy,50,5.948,1.25114,1.19777,0.95446,0.26236,0.02901,0.22823,2015,ITA
Italy,50,5.977,1.35495,1.04167,0.85102,0.18827,0.02556,0.16684,2016,ITA
Italy,48,5.964000225,1.395066619,1.444923282,0.853144348,0.256450713,0.028028091,0.172789648,2017,ITA
Italy,47,6,1.264,1.501,0.946,0.281,0.028,0.137,2018,ITA
Italy,36,6.223,1.294,1.488,1.039,0.231,0.03,0.158,2019,ITA
Italy,30,6.387,10.482,0.89,73.602,0.665,0.873,-0.043,2020,ITA
Italy,28,6.483,10.623,0.88,73.8,0.693,0.866,-0.084,2021,ITA
Italy,31,6.467,1.834,1.052,0.801,0.412,0.059,0.085,2022,ITA
Ivory Coast,151,3.655,0.46534,0.77115,0.15185,0.46866,0.17922,0.20165,2015,NA
Ivory Coast,139,3.916,0.55507,0.57576,0.04476,0.40663,0.1553,0.20338,2016,NA
Ivory Coast,128,4.179999828,0.603048921,0.90478003,0.04864217,0.447706193,0.130061775,0.20123747,2017,NA
Ivory Coast,107,4.671,0.541,0.872,0.08,0.467,0.103,0.146,2018,NA
Ivory Coast,99,4.944,0.569,0.808,0.232,0.352,0.09,0.154,2019,NA
Ivory Coast,85,5.233,8.226,0.658,49.504,0.728,0.791,-0.044,2020,NA
Ivory Coast,85,5.306,8.551,0.644,50.114,0.741,0.794,-0.016,2021,NA
Ivory Coast,88,5.235,1.094,0.442,0.322,0.451,0.124,0.149,2022,NA
Jamaica,65,5.709,0.81038,1.15102,0.68741,0.50442,0.02299,0.2123,2015,JAM
Jamaica,73,5.51,0.89333,0.96372,0.59469,0.43597,0.04294,0.22245,2016,JAM
Jamaica,76,5.31099987,0.925579309,1.368218064,0.641022384,0.474307239,0.055267781,0.233818337,2017,JAM
Jamaica,56,5.89,0.819,1.493,0.693,0.575,0.031,0.096,2018,JAM
Jamaica,56,5.89,0.831,1.478,0.831,0.49,0.028,0.107,2019,JAM
Jamaica,60,5.89,9.006,0.916,67.1,0.858,0.889,-0.125,2020,JAM
Jamaica,37,6.309,9.186,0.877,67.5,0.89,0.884,-0.137,2021,JAM
Jamaica,63,5.85,1.296,1.045,0.646,0.567,0.053,0.08,2022,JAM
Japan,46,5.987,1.27074,1.25712,0.99111,0.49615,0.1806,0.10705,2015,JPN
Japan,53,5.921,1.38007,1.06054,0.91491,0.46761,0.18985,0.10224,2016,JPN
Japan,51,5.920000076,1.416915178,1.436337829,0.913475871,0.505625546,0.163760737,0.120572768,2017,JPN
Japan,54,5.915,1.294,1.462,0.988,0.553,0.15,0.079,2018,JPN
Japan,58,5.886,1.327,1.419,1.088,0.445,0.14,0.069,2019,JPN
Japan,62,5.871,10.58,0.884,75.001,0.81,0.655,-0.247,2020,JPN
Japan,56,5.94,10.611,0.884,75.1,0.796,0.638,-0.258,2021,JPN
Japan,54,6.039,1.835,1.089,0.866,0.537,0.218,0.007,2022,JPN
Jordan,82,5.192,0.90198,1.05392,0.69639,0.40661,0.14293,0.11053,2015,JOR
Jordan,80,5.303,0.99673,0.86216,0.60712,0.36023,0.13297,0.14262,2016,JOR
Jordan,74,5.335999966,0.991012394,1.239088893,0.604590058,0.418421149,0.119803272,0.17217046,2017,JOR
Jordan,90,5.161,0.822,1.265,0.645,0.468,0.134,0.13,2018,JOR
Jordan,101,4.906,0.837,1.225,0.815,0.383,0.13,0.11,2019,JOR
Jordan,119,4.633,9.026,0.802,66.8,0.751,0.7,-0.163,2020,JOR
Jordan,127,4.395,9.182,0.767,67,0.755,0.705,-0.167,2021,JOR
Jordan,134,4.152,1.324,0.724,0.675,0.476,0.2,0.058,2022,JOR
Kazakhstan,54,5.855,1.12254,1.12241,0.64368,0.51649,0.08454,0.11827,2015,KAZ
Kazakhstan,54,5.919,1.22943,0.95544,0.57386,0.4052,0.11132,0.15011,2016,KAZ
Kazakhstan,60,5.818999767,1.28455627,1.384369016,0.606041551,0.437454283,0.119282886,0.201964423,2017,KAZ
Kazakhstan,60,5.79,1.143,1.516,0.631,0.454,0.121,0.148,2018,KAZ
Kazakhstan,60,5.809,1.173,1.508,0.729,0.41,0.096,0.146,2019,KAZ
Kazakhstan,50,6.058,10.115,0.935,64.61,0.812,0.764,-0.068,2020,KAZ
Kazakhstan,45,6.152,10.155,0.952,65.2,0.853,0.733,-0.069,2021,KAZ
Kazakhstan,40,6.234,1.668,1.22,0.611,0.584,0.157,0.134,2022,KAZ
Kenya,125,4.419,0.36471,0.99876,0.41435,0.42215,0.05839,0.37542,2015,KEN
Kenya,122,4.356,0.52267,0.7624,0.30147,0.40576,0.06686,0.41328,2016,KEN
Kenya,112,4.552999973,0.560479462,1.067950726,0.30998835,0.452763766,0.064641319,0.444860309,2017,KEN
Kenya,124,4.41,0.493,1.048,0.454,0.504,0.055,0.352,2018,KEN
Kenya,121,4.509,0.512,0.983,0.581,0.431,0.053,0.372,2019,KEN
Kenya,121,4.583,8.03,0.703,60.097,0.83,0.831,0.295,2020,KEN
Kenya,121,4.607,8.361,0.688,60.704,0.779,0.825,0.287,2021,KEN
Kenya,119,4.543,1.032,0.605,0.401,0.44,0.082,0.322,2022,KEN
Kosovo,69,5.589,0.80148,0.81198,0.63132,0.24749,0.04741,0.2831,2015,NA
Kosovo,77,5.401,0.90145,0.66062,0.54,0.14396,0.06547,0.27992,2016,NA
Kosovo,78,5.278999805,0.951484382,1.137853503,0.54145205,0.260287941,0.057471618,0.319931448,2017,NA
Kosovo,66,5.662,0.855,1.23,0.578,0.448,0.023,0.274,2018,NA
Kosovo,46,6.1,0.882,1.232,0.758,0.489,0.006,0.262,2019,NA
Kosovo,35,6.325,9.204,0.821,63.886,0.862,0.922,0.191,2020,NA
Kosovo,33,6.372,9.318,0.821,63.813,0.869,0.917,0.257,2021,NA
Kosovo,32,6.455,1.362,0.949,0.569,0.599,0.035,0.309,2022,NA
Kuwait,39,6.295,1.55422,1.16594,0.72492,0.55499,0.25609,0.16228,2015,KWT
Kuwait,41,6.239,1.61714,0.87758,0.63569,0.43166,0.23669,0.15965,2016,KWT
Kuwait,39,6.105000019,1.632952452,1.259698749,0.632105708,0.496337593,0.21515955,0.228289798,2017,KWT
Kuwait,45,6.083,1.474,1.301,0.675,0.554,0.106,0.167,2018,KWT
Kuwait,51,6.021,1.5,1.319,0.808,0.493,0.097,0.142,2019,KWT
Kuwait,48,6.102,11.09,0.846,66.768,0.872,0.761,-0.1,2020,KWT
Kuwait,47,6.106,10.817,0.843,66.9,0.867,0.736,-0.104,2021,KWT
Kuwait,50,6.106,1.904,0.983,0.747,0.617,0.147,0.087,2022,KWT
Kyrgyzstan,77,5.286,0.47428,1.15115,0.65088,0.43477,0.04232,0.3003,2015,KGZ
Kyrgyzstan,85,5.185,0.56044,0.95434,0.55449,0.40212,0.04762,0.38432,2016,KGZ
Kyrgyzstan,98,5.004000187,0.596220076,1.394238591,0.553457797,0.454943389,0.039439179,0.428580374,2017,KGZ
Kyrgyzstan,92,5.131,0.53,1.416,0.594,0.54,0.035,0.281,2018,KGZ
Kyrgyzstan,86,5.261,0.551,1.438,0.723,0.508,0.023,0.3,2019,KGZ
Kyrgyzstan,74,5.542,8.148,0.887,64.106,0.909,0.888,0.155,2020,KGZ
Kyrgyzstan,67,5.744,8.538,0.893,64.401,0.935,0.908,0.119,2021,KGZ
Kyrgyzstan,64,5.828,1.069,1.109,0.638,0.693,0.025,0.208,2022,KGZ
Laos,99,4.876,0.59066,0.73803,0.54909,0.59591,0.24249,0.42192,2015,NA
Laos,102,4.876,0.68042,0.5497,0.38291,0.52168,0.22423,0.43079,2016,NA
Laos,110,4.623,0.72,1.034,0.441,0.626,0.174,0.23,2018,NA
Laos,105,4.796,0.764,1.03,0.551,0.547,0.164,0.266,2019,NA
Laos,104,4.889,8.799,0.738,58.71,0.907,0.635,0.111,2020,NA
Laos,100,5.03,8.947,0.728,58.968,0.91,0.658,0.123,2021,NA
Laos,95,5.14,1.239,0.654,0.479,0.679,0.184,0.197,2022,NA
Latvia,89,5.098,1.11312,1.09562,0.72437,0.29671,0.06332,0.18226,2015,LVA
Latvia,68,5.56,1.21788,0.95025,0.63952,0.27996,0.0889,0.17445,2016,LVA
Latvia,54,5.849999905,1.260748625,1.404714942,0.638566971,0.325707912,0.073842727,0.153074786,2017,LVA
Latvia,53,5.933,1.148,1.454,0.671,0.363,0.066,0.092,2018,LVA
Latvia,53,5.94,1.187,1.465,0.812,0.264,0.064,0.075,2019,LVA
Latvia,57,5.95,10.175,0.918,66.807,0.671,0.796,-0.187,2020,LVA
Latvia,51,6.032,10.315,0.927,67.1,0.715,0.8,-0.162,2021,LVA
Latvia,42,6.18,1.732,1.221,0.637,0.502,0.09,0.075,2022,LVA
Lebanon,103,4.839,1.02564,0.80001,0.83947,0.33916,0.04582,0.21854,2015,LBN
Lebanon,93,5.129,1.12268,0.64184,0.76171,0.26228,0.03061,0.23693,2016,LBN
Lebanon,88,5.224999905,1.074987531,1.129624248,0.735081077,0.288515985,0.03751383,0.264450759,2017,LBN
Lebanon,80,5.358,0.965,1.179,0.785,0.503,0.136,0.214,2018,LBN
Lebanon,91,5.197,0.987,1.224,0.815,0.216,0.027,0.166,2019,LBN
Lebanon,111,4.772,9.362,0.824,67.107,0.551,0.902,-0.061,2020,LBN
Lebanon,123,4.584,9.626,0.848,67.355,0.525,0.898,-0.073,2021,LBN
Lebanon,145,2.955,1.392,0.498,0.631,0.103,0.034,0.082,2022,LBN
Lesotho,97,4.898,0.37545,1.04103,0.07612,0.31767,0.12504,0.16388,2015,LSO
Lesotho,139,3.808000088,0.521021247,1.190095186,0,0.390661299,0.11909464,0.157497272,2017,LSO
Lesotho,141,3.808,0.472,1.215,0.079,0.423,0.112,0.116,2018,LSO
Lesotho,144,3.802,0.489,1.169,0.168,0.359,0.093,0.107,2019,LSO
Lesotho,143,3.653,7.96,0.78,48.004,0.738,0.857,-0.146,2020,LSO
Lesotho,145,3.512,7.926,0.787,48.7,0.715,0.915,-0.131,2021,LSO
Lesotho,141,3.512,0.839,0.848,0,0.419,0.018,0.076,2022,LSO
Liberia,116,4.571,0.0712,0.78968,0.34201,0.28531,0.06232,0.24362,2015,LBR
Liberia,150,3.622,0.10706,0.50353,0.23165,0.25748,0.04852,0.24063,2016,LBR
Liberia,148,3.532999992,0.119041793,0.872117937,0.229918197,0.332881182,0.038948249,0.266549885,2017,LBR
Liberia,149,3.495,0.076,0.858,0.267,0.419,0.03,0.206,2018,LBR
Liberia,141,3.975,0.073,0.922,0.443,0.37,0.033,0.233,2019,LBR
Liberia,124,4.558,7.054,0.709,56.096,0.735,0.856,0.042,2020,LBR
Liberia,120,4.625,7.288,0.72,56.498,0.735,0.85,0.05,2021,LBR
Liberia,97,5.122,0.636,0.67,0.309,0.405,0.08,0.178,2022,LBR
Libya,63,5.754,1.13145,1.11862,0.7038,0.41668,0.11023,0.18295,2015,NA
Libya,67,5.615,1.06688,0.95076,0.52304,0.40672,0.10339,0.17087,2016,NA
Libya,68,5.525000095,1.101803064,1.35756433,0.52016902,0.46573323,0.09261021,0.152073666,2017,NA
Libya,70,5.566,0.985,1.35,0.553,0.496,0.148,0.116,2018,NA
Libya,72,5.525,1.044,1.303,0.673,0.416,0.152,0.133,2019,NA
Libya,80,5.489,9.79,0.826,62.3,0.773,0.669,-0.085,2020,NA
Libya,80,5.41,9.622,0.827,62.3,0.771,0.667,-0.087,2021,NA
Libya,86,5.33,1.476,0.943,0.606,0.477,0.179,0.106,2022,NA
Lithuania,56,5.833,1.14723,1.25745,0.73128,0.21342,0.01031,0.02641,2015,LTU
Lithuania,60,5.813,1.2692,1.06411,0.64674,0.18929,0.0182,0.02025,2016,LTU
Lithuania,52,5.90199995,1.314582348,1.473516107,0.62894994,0.234231785,0.011865643,0.010164657,2017,LTU
Lithuania,50,5.952,1.197,1.527,0.716,0.35,0.006,0.026,2018,LTU
Lithuania,42,6.149,1.238,1.515,0.818,0.291,0.042,0.043,2019,LTU
Lithuania,41,6.215,10.344,0.926,67.294,0.747,0.81,-0.22,2020,LTU
Lithuania,38,6.255,10.499,0.935,67.906,0.773,0.826,-0.203,2021,LTU
Lithuania,34,6.446,1.804,1.204,0.659,0.496,0.077,0.053,2022,LTU
Luxembourg,17,6.946,1.56391,1.21963,0.91894,0.61583,0.37798,0.28034,2015,LUX
Luxembourg,20,6.871,1.69752,1.03999,0.84542,0.5487,0.35329,0.27571,2016,LUX
Luxembourg,18,6.862999916,1.741943598,1.4575836659999999,0.845089495,0.596627891,0.318834424,0.283180982,2017,LUX
Luxembourg,17,6.91,1.576,1.52,0.896,0.632,0.321,0.196,2018,LUX
Luxembourg,14,7.09,1.609,1.479,1.012,0.526,0.316,0.194,2019,LUX
Luxembourg,10,7.238,11.451,0.907,72.6,0.906,0.367,-0.005,2020,LUX
Luxembourg,8,7.324,11.647,0.908,72.6,0.907,0.386,-0.034,2021,LUX
Luxembourg,6,7.404,2.209,1.155,0.79,0.7,0.388,0.12,2022,LUX
Macedonia,93,5.007,0.91851,1.00232,0.73545,0.33457,0.05327,0.22359,2015,NA
Macedonia,95,5.121,1.0193,0.78236000000000006,0.64738,0.27668,0.07047,0.23507,2016,NA
Macedonia,92,5.175000191,1.064577937,1.207893014,0.644948184,0.325905979,0.060277794,0.253760964,2017,NA
Macedonia,89,5.185,0.959,1.239,0.691,0.394,0.052,0.173,2018,NA
Macedonia,90,5.16,9.511,0.82,67.504,0.739,0.897,-0.02,2020,NA
Madagascar,147,3.681,0.20824,0.66801,0.46721,0.19184,0.08124,0.21333,2015,MDG
Madagascar,148,3.695,0.27954,0.46115,0.37109,0.13684,0.07506,0.2204,2016,MDG
Madagascar,144,3.644000053,0.305808693,0.913020372,0.375223309,0.189196765,0.067231975,0.20873253,2017,MDG
Madagascar,143,3.774,0.262,0.908,0.402,0.221,0.049,0.155,2018,MDG
Madagascar,143,3.933,0.274,0.916,0.555,0.148,0.041,0.169,2019,MDG
Madagascar,137,4.166,7.282,0.668,59.105,0.558,0.817,-0.012,2020,MDG
Madagascar,135,4.208,7.396,0.686,59.305,0.552,0.803,-0.005,2021,MDG
Madagascar,128,4.339,0.67,0.645,0.378,0.202,0.154,0.143,2022,MDG
Malawi,131,4.292,0.01604,0.41134,0.22562,0.43054,0.06977,0.33128,2015,MWI
Malawi,132,4.156,0.08709,0.147,0.29364,0.4143,0.07564,0.30968,2016,MWI
Malawi,136,3.970000029,0.233442038,0.512568831,0.315089583,0.466914654,0.072711654,0.28717047,2017,MWI
Malawi,147,3.587,0.186,0.541,0.306,0.531,0.08,0.21,2018,MWI
Malawi,150,3.41,0.191,0.56,0.495,0.443,0.089,0.218,2019,MWI
Malawi,145,3.538,7.062,0.544,57.593,0.803,0.732,0.021,2020,MWI
Malawi,144,3.6,6.958,0.537,57.948,0.78,0.729,0.038,2021,MWI
Malawi,138,3.75,0.648,0.279,0.388,0.477,0.157,0.14,2022,MWI
Malaysia,61,5.77,1.12486,1.07023,0.72394,0.53024,0.10501,0.33075,2015,MYS
Malaysia,47,6.005,1.25142,0.88025,0.62366,0.39031,0.09081,0.41474,2016,MYS
Malaysia,42,6.084000111,1.29121542,1.284646034,0.618784428,0.402264982,0.065600708,0.41660893,2017,MYS
Malaysia,35,6.322,1.161,1.258,0.669,0.356,0.059,0.311,2018,MYS
Malaysia,80,5.339,1.221,1.171,0.828,0.508,0.024,0.26,2019,MYS
Malaysia,82,5.384,10.263,0.817,67.102,0.895,0.839,0.115,2020,MYS
Malaysia,81,5.384,10.238,0.817,67.102,0.895,0.839,0.125,2021,MYS
Malaysia,70,5.711,1.689,0.938,0.62,0.654,0.126,0.213,2022,MYS
Maldives,87,5.198,9.519,0.913,70.6,0.854,0.824,0.038,2020,MDV
Maldives,89,5.198,9.826,0.913,70.6,0.854,0.825,0.024,2021,MDV
Mali,138,3.995,0.26074,1.03526,0.20583,0.38857,0.12352,0.18798,2015,MLI
Mali,135,4.073,0.31292,0.86333,0.16347,0.27544,0.13647,0.21064,2016,MLI
Mali,127,4.190000057,0.476180494,1.281473398,0.169365674,0.306613743,0.104970247,0.183354199,2017,MLI
Mali,118,4.447,0.37,1.233,0.152,0.367,0.056,0.139,2018,MLI
Mali,128,4.39,0.385,1.105,0.308,0.327,0.052,0.153,2019,MLI
Mali,114,4.729,7.63,0.731,51.727,0.712,0.839,-0.044,2020,MLI
Mali,117,4.723,7.744,0.724,51.969,0.697,0.827,-0.036,2021,MLI
Mali,123,4.479,0.792,0.483,0.311,0.35,0.042,0.128,2022,MLI
Malta,37,6.302,1.2074,1.30203,0.88721,0.60365,0.13586,0.51752,2015,MLT
Malta,30,6.488,1.30782,1.09879,0.80315,0.54994,0.17554,0.56237,2016,MLT
Malta,27,6.52699995,1.343279839,1.488411665,0.821944237,0.588767052,0.153066069,0.574730575,2017,MLT
Malta,22,6.627,1.27,1.525,0.884,0.645,0.142,0.376,2018,MLT
Malta,22,6.726,1.3,1.52,0.999,0.564,0.151,0.375,2019,MLT
Malta,22,6.773,10.534,0.93,72.2,0.925,0.659,0.215,2020,MLT
Malta,23,6.602,10.674,0.931,72.2,0.927,0.653,0.133,2021,MLT
Malta,33,6.447,1.838,1.169,0.789,0.679,0.166,0.174,2022,MLT
Mauritania,124,4.436,0.45407,0.86908,0.35874,0.24232,0.17461,0.219,2015,MRT
Mauritania,130,4.201,0.61391,0.84142,0.28639,0.1268,0.17955,0.22686,2016,MRT
Mauritania,123,4.291999817,0.648457289,1.27203083,0.28534928,0.096098043,0.136957005,0.201870024,2017,MRT
Mauritania,126,4.356,0.557,1.245,0.292,0.129,0.093,0.134,2018,MRT
Mauritania,122,4.49,0.57,1.167,0.489,0.066,0.088,0.106,2019,MRT
Mauritania,129,4.375,8.234,0.791,57.01,0.552,0.746,-0.106,2020,MRT
Mauritania,134,4.227,8.542,0.795,57.161,0.561,0.731,-0.106,2021,MRT
Mauritania,133,4.153,1.1,0.865,0.45,0.304,0.138,0.088,2022,MRT
Mauritius,71,5.477,1.00761,0.98521,0.7095,0.56066,0.07521,0.37744,2015,MUS
Mauritius,66,5.648,1.14372,0.75695,0.66189,0.46145,0.05203,0.36951,2016,MUS
Mauritius,64,5.629000187,1.189395547,1.20956099,0.638007462,0.491247326,0.042181555,0.360933751,2017,MUS
Mauritius,55,5.891,1.09,1.387,0.684,0.584,0.05,0.245,2018,MUS
Mauritius,57,5.888,1.12,1.402,0.798,0.498,0.06,0.215,2019,MUS
Mauritius,49,6.101,9.957,0.91,66.404,0.89,0.805,-0.018,2020,MUS
Mauritius,50,6.049,10.008,0.905,66.701,0.867,0.789,-0.054,2021,MUS
Mauritius,52,6.071,1.591,1.116,0.568,0.589,0.107,0.131,2022,MUS
Mexico,14,7.187,1.02054,0.91451,0.81444,0.48181,0.21312,0.14074,2015,MEX
Mexico,21,6.778,1.11508,0.7146,0.71143,0.37709,0.18355,0.11735,2016,MEX
Mexico,25,6.578000069,1.153183818,1.21086216,0.709978998,0.412730008,0.132774115,0.120990433,2017,MEX
Mexico,24,6.488,1.038,1.252,0.761,0.479,0.095,0.069,2018,MEX
Mexico,23,6.595,1.07,1.323,0.861,0.433,0.073,0.074,2019,MEX
Mexico,24,6.465,9.798,0.839,68.299,0.859,0.807,-0.175,2020,MEX
Mexico,36,6.317,9.859,0.831,68.597,0.862,0.799,-0.147,2021,MEX
Mexico,46,6.128,1.552,0.886,0.623,0.621,0.115,0.092,2022,MEX
Moldova,52,5.889,0.59448,1.01528,0.61826,0.32818,0.01615,0.20951,2015,NA
Moldova,55,5.897,0.69177,0.83132,0.52309,0.25202,0.01903,0.19997,2016,NA
Moldova,56,5.837999821,0.72887063,1.251825571,0.589465201,0.240729049,0.010091286,0.208779126,2017,NA
Moldova,67,5.64,0.657,1.301,0.62,0.232,0,0.171,2018,NA
Moldova,71,5.529,0.685,1.328,0.739,0.245,0,0.181,2019,NA
Moldova,70,5.608,8.777,0.843,65.013,0.722,0.913,-0.038,2020,NA
Moldova,65,5.766,9.454,0.857,65.699,0.822,0.918,-0.079,2021,NA
Moldova,62,5.857,1.417,1.008,0.597,0.561,0.028,0.102,2022,NA
Mongolia,100,4.874,0.82819,1.3006,0.60268,0.43626,0.02666,0.3323,2015,MNG
Mongolia,101,4.907,0.98853,1.08983,0.55469,0.35972,0.03285,0.34539,2016,MNG
Mongolia,100,4.954999924,1.027235866,1.493011236,0.557783484,0.394143969,0.032902289,0.33846423,2017,MNG
Mongolia,94,5.125,0.914,1.517,0.575,0.395,0.032,0.253,2018,MNG
Mongolia,83,5.285,0.948,1.531,0.667,0.317,0.038,0.235,2019,MNG
Mongolia,81,5.456,9.412,0.937,62.304,0.693,0.864,0.098,2020,MNG
Mongolia,70,5.677,9.4,0.935,62.5,0.708,0.856,0.116,2021,MNG
Mongolia,68,5.761,1.393,1.197,0.467,0.398,0.059,0.247,2022,MNG
Montenegro,82,5.192,0.97438,0.90557,0.72521,0.1826,0.14296,0.1614,2015,MNE
Montenegro,88,5.161,1.07838,0.74173,0.63533,0.15111,0.12721,0.17191,2016,MNE
Montenegro,83,5.236999989,1.121129036,1.238376498,0.667464674,0.194989055,0.088174194,0.197911024,2017,MNE
Montenegro,81,5.347,1.017,1.279,0.729,0.259,0.081,0.111,2018,MNE
Montenegro,73,5.523,1.051,1.361,0.871,0.197,0.08,0.142,2019,MNE
Montenegro,72,5.546,9.752,0.855,68.505,0.65,0.783,-0.076,2020,MNE
Montenegro,72,5.581,9.94,0.858,68.699,0.708,0.812,-0.034,2021,MNE
Montenegro,75,5.547,1.573,1.023,0.659,0.46,0.077,0.135,2022,MNE
Morocco,92,5.013,0.73479,0.64095,0.60954,0.41691,0.08546,0.07172,2015,MAR
Morocco,90,5.151,0.84058,0.38595,0.59471,0.25646,0.08404,0.04053,2016,MAR
Morocco,84,5.235000134,0.878114581,0.774864435,0.597710669,0.408158332,0.087763183,0.032209955,2017,MAR
Morocco,85,5.254,0.779,0.797,0.669,0.46,0.074,0.026,2018,MAR
Morocco,89,5.208,0.801,0.782,0.782,0.418,0.076,0.036,2019,MAR
Morocco,97,5.095,8.94,0.593,65.896,0.772,0.816,-0.24,2020,MAR
Morocco,106,4.918,8.903,0.56,66.208,0.774,0.801,-0.236,2021,MAR
Morocco,100,5.06,1.208,0.268,0.565,0.492,0.102,0.02,2022,MAR
Mozambique,94,4.971,0.08308,1.02626,0.09131,0.34037,0.15603,0.22269,2015,MOZ
Mozambique,113,4.550000191,0.23430565,0.870701015,0.106654435,0.480791092,0.179436386,0.322228104,2017,MOZ
Mozambique,123,4.417,0.198,0.902,0.173,0.531,0.158,0.206,2018,MOZ
Mozambique,123,4.466,0.204,0.986,0.39,0.494,0.138,0.197,2019,MOZ
Mozambique,120,4.624,7.069,0.724,54.206,0.864,0.683,0.032,2020,MOZ
Mozambique,115,4.794,7.158,0.744,54.706,0.882,0.684,0.061,2021,MOZ
Mozambique,101,5.048,0.578,0.66,0.191,0.593,0.2,0.185,2022,MOZ
Myanmar,129,4.307,0.27108,0.70905,0.48246,0.44017,0.19034,0.79588,2015,NA
Myanmar,119,4.395,0.34112,0.69981,0.3988,0.42692,0.20243,0.81971,2016,NA
Myanmar,114,4.545000076,0.36711055,1.123235941,0.397522569,0.514492035,0.188816205,0.838075161,2017,NA
Myanmar,130,4.308,0.682,1.174,0.429,0.58,0.178,0.598,2018,NA
Myanmar,131,4.36,0.71,1.181,0.555,0.525,0.172,0.566,2019,NA
Myanmar,133,4.308,8.68,0.784,58.962,0.895,0.645,0.561,2020,NA
Myanmar,126,4.426,8.541,0.779,59.302,0.876,0.66,0.509,2021,NA
Myanmar,126,4.394,1.038,0.829,0.491,0.513,0.194,0.452,2022,NA
Namibia,113,4.574,0.93287,0.70362,0.34745,0.48614,0.10398,0.07795,2016,"NAM"
Namibia,111,4.573999882,0.964434326,1.098470807,0.338611811,0.520303547,0.093146972,0.077133745,2017,"NAM"
Namibia,119,4.441,0.874,1.281,0.365,0.519,0.064,0.051,2018,"NAM"
Namibia,113,4.639,0.879,1.313,0.477,0.401,0.056,0.07,2019,"NAM"
Namibia,122,4.571,9.203,0.847,56.501,0.768,0.851,-0.185,2020,"NAM"
Namibia,124,4.574,9.161,0.818,56.799,0.719,0.847,-0.149,2021,"NAM"
Namibia,124,4.459,1.292,0.877,0.354,0.384,0.071,0.067,2022,"NAM"
Nepal,121,4.514,0.35997,0.86449,0.56874,0.38282,0.05907,0.32296,2015,NPL
Nepal,107,4.793,0.44626,0.69699,0.50073,0.37012,0.07008,0.3816,2016,NPL
Nepal,99,4.961999893,0.479820192,1.179283261,0.504130781,0.440305948,0.072975546,0.394096166,2017,NPL
Nepal,101,4.88,0.425,1.228,0.539,0.526,0.078,0.302,2018,NPL
Nepal,100,4.913,0.446,1.226,0.677,0.439,0.089,0.285,2019,NPL
Nepal,92,5.137,7.925,0.786,63.779,0.798,0.738,0.154,2020,NPL
Nepal,87,5.269,8.12,0.774,64.233,0.782,0.727,0.152,2021,NPL
Nepal,84,5.377,0.984,0.784,0.499,0.519,0.13,0.237,2022,NPL
Netherlands,7,7.378,1.32944,1.28017,0.89284,0.61576,0.31814,0.4761,2015,NLD
Netherlands,7,7.339,1.46468,1.02912,0.81231,0.55211,0.29927,0.47416,2016,NLD
Netherlands,6,7.376999855,1.503944635,1.428939223,0.810696125,0.585384488,0.282661825,0.47048983,2017,NLD
Netherlands,6,7.441,1.361,1.488,0.878,0.638,0.295,0.333,2018,NLD
Netherlands,5,7.488,1.396,1.522,0.999,0.557,0.298,0.322,2019,NLD
Netherlands,6,7.449,10.813,0.939,72.301,0.909,0.365,0.208,2020,NLD
Netherlands,5,7.464,10.932,0.942,72.4,0.913,0.338,0.175,2021,NLD
Netherlands,5,7.415,1.945,1.206,0.787,0.651,0.419,0.271,2022,NLD
New Zealand,9,7.286,1.25018,1.31967,0.90837,0.63938,0.42922,0.47501,2015,NZL
New Zealand,8,7.334,1.36066,1.17278,0.83096,0.58147,0.41904,0.49401,2016,NZL
New Zealand,8,7.31400013,1.405706048,1.548195124,0.816759706,0.61406213,0.382816702,0.500005126,2017,NZL
New Zealand,8,7.324,1.268,1.601,0.876,0.669,0.389,0.365,2018,NZL
New Zealand,8,7.307,1.303,1.557,1.026,0.585,0.38,0.33,2019,NZL
New Zealand,8,7.3,10.501,0.949,73.203,0.936,0.221,0.192,2020,NZL
New Zealand,9,7.277,10.643,0.948,73.4,0.929,0.242,0.134,2021,NZL
New Zealand,10,7.2,1.852,1.235,0.752,0.68,0.483,0.245,2022,NZL
Nicaragua,57,5.828,0.59325,1.14184,0.74314,0.55475,0.19317,0.27815,2015,NIC
Nicaragua,48,5.992,0.69384,0.89521,0.65213,0.46582,0.16292,0.29773,2016,NIC
Nicaragua,43,6.071000099,0.737299204,1.28721571,0.653095961,0.447551847,0.130687982,0.301674217,2017,NIC
Nicaragua,41,6.141,0.668,1.319,0.7,0.527,0.128,0.208,2018,NIC
Nicaragua,45,6.105,0.694,1.325,0.835,0.435,0.127,0.2,2019,NIC
Nicaragua,46,6.137,8.493,0.857,67.507,0.864,0.666,0.021,2020,NIC
Nicaragua,55,5.972,8.62,0.864,67.657,0.836,0.664,0.02,2021,NIC
Nicaragua,45,6.165,1.105,1.029,0.617,0.617,0.212,0.168,2022,NIC
Niger,144,3.845,0.0694,0.77265,0.29707,0.47692,0.15639,0.19387,2015,NER
Niger,142,3.856,0.1327,0.6053,0.26162,0.38041,0.17176,0.2097,2016,NER
Niger,135,4.027999878,0.161925331,0.993025005,0.268505007,0.363658696,0.138572946,0.228673846,2017,NER
Niger,134,4.166,0.131,0.867,0.221,0.39,0.099,0.175,2018,NER
Niger,114,4.628,0.138,0.774,0.366,0.318,0.102,0.188,2019,NER
Niger,103,4.91,6.842,0.617,53.5,0.76,0.723,0.014,2020,NER
Niger,96,5.074,7.098,0.641,53.78,0.806,0.693,0.018,2021,NER
Niger,104,5.003,0.57,0.56,0.326,0.571,0.145,0.165,2022,NER
Nigeria,78,5.268,0.65435,0.90432,0.16007,0.34334,0.0403,0.27233,2015,NGA
Nigeria,103,4.875,0.75216,0.64498,0.05108,0.27854,0.0305,0.23219,2016,NGA
Nigeria,95,5.073999882,0.783756256,1.215770483,0.05691573,0.394952565,0.026121566,0.230947196,2017,NGA
Nigeria,91,5.155,0.689,1.172,0.048,0.462,0.032,0.201,2018,NGA
Nigeria,85,5.265,0.696,1.111,0.245,0.426,0.041,0.215,2019,NGA
Nigeria,115,4.724,8.577,0.737,49.862,0.76,0.862,0.034,2020,NGA
Nigeria,116,4.759,8.533,0.74,50.102,0.737,0.878,0.037,2021,NGA
Nigeria,118,4.552,1.079,0.732,0.3,0.444,0.038,0.175,2022,NGA
North Cyprus,66,5.695,1.20806,1.07008,0.92356,0.49027,0.1428,0.26169,2015,NA
North Cyprus,62,5.771,1.31141,0.81826,0.84142,0.43596,0.16578,0.26322,2016,NA
North Cyprus,61,5.809999943,1.346911311,1.186303377,0.834647238,0.471203625,0.155353352,0.266845703,2017,NA
North Cyprus,76,5.536,10.406,0.82,73.702,0.795,0.626,0,2020,NA
North Cyprus,74,5.536,10.576,0.82,73.898,0.795,0.626,0.012,2021,NA
North Cyprus,79,5.467,1.815,0.888,0.819,0.523,0.213,0.13,2022,NA
North Macedonia,84,5.274,0.983,1.294,0.838,0.345,0.034,0.185,2019,NA
North Macedonia,94,5.101,9.693,0.805,65.474,0.751,0.905,0.038,2021,NA
North Macedonia,89,5.199,1.505,0.863,0.637,0.488,0.031,0.215,2022,NA
Northern Cyprus,58,5.835,1.229,1.211,0.909,0.495,0.154,0.179,2018,NA
Northern Cyprus,64,5.718,1.263,1.252,1.042,0.417,0.162,0.191,2019,NA
Norway,4,7.522,1.459,1.33095,0.88521,0.66973,0.36503,0.34699,2015,NOR
Norway,4,7.498,1.57744,1.1269,0.79579,0.59609,0.35776,0.37895,2016,NOR
Norway,1,7.537000179,1.616463184,1.53352356,0.796666503,0.635422587,0.315963835,0.362012237,2017,NOR
Norway,2,7.594,1.456,1.582,0.861,0.686,0.34,0.286,2018,NOR
Norway,3,7.554,1.488,1.582,1.028,0.603,0.341,0.271,2019,NOR
Norway,5,7.488,11.088,0.952,73.201,0.956,0.263,0.135,2020,NOR
Norway,6,7.392,11.053,0.954,73.3,0.96,0.27,0.093,2021,NOR
Norway,8,7.365,1.997,1.239,0.786,0.728,0.474,0.217,2022,NOR
Oman,22,6.853,1.36011,1.08182,0.76276,0.63274,0.32524,0.21542,2015,OMN
Pakistan,81,5.194,0.59543,0.41411,0.51466,0.12102,0.10464,0.33671,2015,PAK
Pakistan,92,5.132,0.68816,0.26135,0.40306,0.14622,0.1388,0.31185,2016,PAK
Pakistan,80,5.269000053,0.726883531,0.67269069,0.402047783,0.235215262,0.124348067,0.315446019,2017,PAK
Pakistan,75,5.472,0.652,0.81,0.424,0.334,0.113,0.216,2018,PAK
Pakistan,67,5.653,0.677,0.886,0.535,0.313,0.098,0.22,2019,PAK
Pakistan,66,5.693,8.483,0.689,58.253,0.735,0.746,0.045,2020,PAK
Pakistan,105,4.934,8.458,0.651,58.709,0.726,0.787,0.098,2021,PAK
Pakistan,121,4.516,1.049,0.413,0.374,0.448,0.112,0.181,2022,PAK
Palestinian Territories,108,4.715,0.59867,0.92558,0.66015,0.24499,0.12905,0.11251,2015,NA
Palestinian Territories,108,4.754,0.67024,0.71629,0.56844,0.17744,0.10613,0.11154,2016,NA
Palestinian Territories,103,4.775000095,0.716249228,1.155647159,0.565666974,0.254711062,0.089282602,0.114173174,2017,NA
Palestinian Territories,104,4.743,0.642,1.217,0.602,0.266,0.076,0.086,2018,NA
Palestinian Territories,110,4.696,0.657,1.247,0.672,0.225,0.066,0.103,2019,NA
Palestinian Territories,125,4.553,8.389,0.825,62.25,0.646,0.824,-0.162,2020,NA
Palestinian Territories,125,4.517,8.485,0.826,62.25,0.653,0.821,-0.163,2021,NA
Palestinian Territories,122,4.483,1.148,0.957,0.521,0.336,0.079,0.073,2022,NA
Panama,25,6.786,1.06353,1.1985,0.79661,0.5421,0.0927,0.24434,2015,PAN
Panama,25,6.701,1.18306,0.98912,0.70835,0.48927,0.08423,0.2418,2016,PAN
Panama,30,6.452000141,1.233748436,1.373192549,0.706156135,0.550026834,0.070983924,0.210556939,2017,PAN
Panama,27,6.43,1.112,1.438,0.759,0.597,0.063,0.125,2018,PAN
Panama,31,6.321,1.149,1.442,0.91,0.516,0.054,0.109,2019,PAN
Panama,36,6.305,10.034,0.902,69.603,0.88,0.852,-0.154,2020,PAN
Panama,41,6.18,10.35,0.896,69.652,0.872,0.856,-0.166,2021,PAN
Panama,37,6.309,1.715,1.107,0.709,0.592,0.051,0.049,2022,PAN
Paraguay,53,5.878,0.75985,1.30477,0.66098,0.53899,0.08242,0.3424,2015,PRY
Paraguay,70,5.538,0.89373,1.11111,0.58295,0.46235,0.07396,0.25296,2016,PRY
Paraguay,70,5.493000031,0.932537317,1.50728488,0.579250693,0.473507792,0.091065913,0.224150658,2017,PRY
Paraguay,64,5.681,0.835,1.522,0.615,0.541,0.074,0.162,2018,PRY
Paraguay,63,5.743,0.855,1.475,0.777,0.514,0.08,0.184,2019,PRY
Paraguay,67,5.692,9.39,0.899,65.64,0.886,0.835,0.008,2020,PRY
Paraguay,71,5.653,9.448,0.893,65.9,0.876,0.882,0.028,2021,PRY
Paraguay,73,5.578,1.409,1.13,0.624,0.629,0.059,0.171,2022,PRY
Peru,58,5.824,0.90019,0.97459,0.73017,0.41496,0.05989,0.14982,2015,PER
Peru,64,5.743,0.99602,0.81255,0.62994000000000006,0.37502,0.05292,0.14527,2016,PER
Peru,63,5.715000153,1.035225272,1.218770385,0.630166113,0.450002879,0.047049087,0.126819715,2017,PER
Peru,65,5.663,0.934,1.249,0.674,0.53,0.034,0.092,2018,PER
Peru,65,5.697,0.96,1.274,0.854,0.455,0.027,0.083,2019,PER
Peru,63,5.797,9.456,0.831,68.1,0.825,0.894,-0.162,2020,PER
Peru,63,5.84,9.458,0.832,68.25,0.822,0.891,-0.154,2021,PER
Peru,74,5.559,1.397,0.865,0.735,0.545,0.037,0.09,2022,PER
Philippines,90,5.073,0.70532,1.03516,0.58114,0.62545,0.12279,0.24991,2015,PHL
Philippines,82,5.279,0.81217,0.87877,0.47036,0.54854,0.11757,0.21674,2016,PHL
Philippines,72,5.429999828,0.857699215,1.253917575,0.468009055,0.585214674,0.099331893,0.193513423,2017,PHL
Philippines,71,5.524,0.775,1.312,0.513,0.643,0.105,0.12,2018,PHL
Philippines,69,5.631,0.807,1.293,0.657,0.558,0.107,0.117,2019,PHL
Philippines,52,6.006,8.994,0.847,61.927,0.915,0.734,-0.105,2020,PHL
Philippines,61,5.88,9.076,0.83,62,0.917,0.742,-0.097,2021,PHL
Philippines,60,5.904,1.268,0.912,0.514,0.678,0.142,0.107,2022,PHL
Poland,60,5.791,1.12555,1.27948,0.77903,0.53122,0.04212,0.16759,2015,POL
Poland,57,5.835,1.24585,1.04685,0.69058,0.4519,0.055,0.14443,2016,POL
Poland,46,5.97300005,1.291787863,1.44571197,0.699475348,0.520342112,0.059307806,0.158465967,2017,POL
Poland,42,6.123,1.176,1.448,0.781,0.546,0.064,0.108,2018,POL
Poland,40,6.182,1.206,1.438,0.884,0.483,0.05,0.117,2019,POL
Poland,43,6.186,10.265,0.874,69.311,0.862,0.687,-0.205,2020,POL
Poland,44,6.166,10.382,0.898,69.702,0.841,0.735,-0.165,2021,POL
Poland,48,6.123,1.758,1.174,0.712,0.523,0.14,0.124,2022,POL
Portugal,88,5.102,1.15991,1.13935,0.87519,0.51469,0.01078,0.13719,2015,PRT
Portugal,94,5.123,1.27607,0.94367,0.79363,0.44727,0.01521,0.11691,2016,PRT
Portugal,89,5.195000172,1.315175295,1.367043018,0.795843542,0.4984653,0.015869452,0.095102713,2017,PRT
Portugal,77,5.41,1.188,1.429,0.884,0.562,0.017,0.055,2018,PRT
Portugal,66,5.693,1.221,1.431,0.999,0.508,0.025,0.047,2019,PRT
Portugal,59,5.911,10.264,0.887,72.402,0.889,0.893,-0.221,2020,PRT
Portugal,58,5.929,10.421,0.879,72.6,0.892,0.887,-0.244,2021,PRT
Portugal,56,6.016,1.76,1.078,0.777,0.655,0.039,0.016,2022,PRT
Puerto Rico,15,7.039,1.35943,1.08113,0.77758,0.46823,0.12275,0.22202,2016,PRI
Qatar,28,6.611,1.69042,1.0786,0.79733,0.6404,0.52208,0.32573,2015,QAT
Qatar,36,6.375,1.82427,0.87964,0.71723,0.56679,0.48049,0.32388,2016,QAT
Qatar,35,6.375,1.870765686,1.27429688,0.710098088,0.604130983,0.439299256,0.33047387,2017,QAT
Qatar,32,6.374,1.649,1.303,0.748,0.654,0.171,0.256,2018,QAT
Qatar,29,6.374,1.684,1.313,0.871,0.555,0.167,0.22,2019,QAT
Romania,86,5.124,1.04345,0.88588,0.7689,0.35068,0.00649,0.13748,2015,ROU
Romania,71,5.528,1.1697,0.72803,0.67602,0.36712,0.00679,0.12889,2016,ROU
Romania,57,5.824999809,1.217683911,1.15009129,0.685158312,0.457003742,0.004387901,0.133519918,2017,ROU
Romania,52,5.945,1.116,1.219,0.726,0.528,0.001,0.088,2018,ROU
Romania,48,6.07,1.162,1.232,0.825,0.462,0.005,0.083,2019,ROU
Romania,47,6.124,10.108,0.825,67.207,0.843,0.934,-0.198,2020,ROU
Romania,46,6.14,10.284,0.832,67.355,0.845,0.938,-0.219,2021,ROU
Romania,28,6.477,1.719,1.006,0.655,0.605,0.006,0.039,2022,ROU
Russia,64,5.716,1.13764,1.23617,0.66926,0.36679,0.03005,0.00199,2015,RUS
Russia,56,5.856,1.23228,1.05261,0.58991,0.32682,0.03586,0.02736,2016,RUS
Russia,49,5.962999821,1.281778097,1.469282389,0.547349334,0.373783112,0.032962881,0.052263822,2017,RUS
Russia,59,5.81,1.151,1.479,0.599,0.399,0.025,0.065,2018,RUS
Russia,68,5.648,1.183,1.452,0.726,0.334,0.031,0.082,2019,RUS
Russia,73,5.546,10.129,0.903,64.1,0.73,0.865,-0.151,2020,RUS
Russia,76,5.477,10.189,0.903,64.703,0.718,0.845,-0.111,2021,RUS
Russia,80,5.459,1.685,1.095,0.586,0.401,0.08,0.117,2022,RUS
Rwanda,154,3.465,0.22208,0.7737,0.42864,0.59201,0.55191,0.22628,2015,RWA
Rwanda,152,3.515,0.32846,0.61586,0.31865,0.5432,0.50521,0.23552,2016,RWA
Rwanda,151,3.470999956,0.368745893,0.945707023,0.326424807,0.581843853,0.455220014,0.252756029,2017,RWA
Rwanda,151,3.408,0.332,0.896,0.4,0.636,0.444,0.2,2018,RWA
Rwanda,152,3.334,0.359,0.711,0.614,0.555,0.411,0.217,2019,RWA
Rwanda,150,3.312,7.6,0.541,61.099,0.901,0.184,0.055,2020,RWA
Rwanda,147,3.415,7.676,0.552,61.4,0.897,0.167,0.061,2021,RWA
Rwanda,143,3.268,0.785,0.133,0.462,0.621,0.544,0.187,2022,RWA
Saudi Arabia,35,6.411,1.39541,1.08393,0.72025,0.31048,0.32524,0.13706,2015,SAU
Saudi Arabia,34,6.379,1.48953,0.84829,0.59267,0.37904,0.30008,0.15457,2016,SAU
Saudi Arabia,37,6.343999863,1.530623555,1.286677599,0.59014833,0.449750572,0.273432255,0.147616014,2017,SAU
Saudi Arabia,33,6.371,1.379,1.331,0.633,0.509,0.127,0.098,2018,SAU
Saudi Arabia,28,6.375,1.403,1.357,0.795,0.439,0.132,0.08,2019,SAU
Saudi Arabia,27,6.406,10.798,0.874,66.305,0.854,0.683,-0.169,2020,SAU
Saudi Arabia,26,6.494,10.743,0.891,66.603,0.877,0.684,-0.149,2021,SAU
Saudi Arabia,25,6.523,1.87,1.092,0.577,0.651,0.18,0.078,2022,SAU
Senegal,142,3.904,0.36498,0.97619,0.4354,0.36772,0.10713,0.20843,2015,SEN
Senegal,128,4.219,0.44314,0.77416,0.40457,0.31056,0.11681,0.19103,2016,SEN
Senegal,115,4.534999847,0.479309022,1.179691911,0.409362853,0.377922267,0.115460448,0.183468893,2017,SEN
Senegal,109,4.631,0.429,1.117,0.433,0.406,0.082,0.138,2018,SEN
Senegal,111,4.681,0.45,1.134,0.571,0.292,0.072,0.153,2019,SEN
Senegal,101,4.981,8.119,0.724,59.599,0.691,0.809,-0.052,2020,SEN
Senegal,92,5.132,8.118,0.71,59.802,0.695,0.801,-0.046,2021,SEN
Senegal,103,5.046,0.933,0.53,0.447,0.494,0.081,0.143,2022,SEN
Serbia,87,5.123,0.92053,1.00964,0.74836,0.20107,0.02617,0.19231,2015,SRB
Serbia,86,5.177,1.03437,0.81329,0.6458,0.15718,0.04339,0.20737,2016,SRB
Serbia,73,5.394999981,1.069317579,1.258189797,0.650784671,0.208715528,0.040903781,0.220125884,2017,SRB
Serbia,78,5.398,0.975,1.369,0.685,0.288,0.043,0.134,2018,SRB
Serbia,70,5.603,1.004,1.383,0.854,0.282,0.039,0.137,2019,SRB
Serbia,64,5.778,9.681,0.881,68.21,0.726,0.844,-0.074,2020,SRB
Serbia,48,6.078,9.787,0.873,68.6,0.778,0.835,0.002,2021,SRB
Serbia,43,6.178,1.55,1.086,0.658,0.546,0.088,0.219,2022,SRB
Sierra Leone,123,4.507,0.33024,0.95571,0,0.4084,0.08786,0.21488,2015,SLE
Sierra Leone,111,4.635,0.36485,0.628,0,0.30685,0.08196,0.23897,2016,SLE
Sierra Leone,106,4.709000111,0.368420929,0.984136045,0.005564754,0.318697691,0.071095176,0.293040901,2017,SLE
Sierra Leone,113,4.571,0.256,0.813,0,0.355,0.053,0.238,2018,SLE
Sierra Leone,129,4.374,0.268,0.841,0.242,0.309,0.045,0.252,2019,SLE
Sierra Leone,139,3.926,7.269,0.636,50.865,0.715,0.861,0.089,2020,SLE
Sierra Leone,138,3.849,7.434,0.63,51.651,0.717,0.866,0.084,2021,SLE
Sierra Leone,140,3.574,0.686,0.416,0.273,0.387,0.055,0.202,2022,SLE
Singapore,24,6.798,1.52186,1.02,1.02525,0.54252,0.4921,0.31105,2015,SGP
Singapore,22,6.739,1.64555,0.86758,0.94719,0.4877,0.46987,0.32706,2016,SGP
Singapore,26,6.572000027,1.69227767,1.353814363,0.949492395,0.549840569,0.464307785,0.345965981,2017,SGP
Singapore,34,6.343,1.529,1.451,1.008,0.631,0.457,0.261,2018,SGP
Singapore,34,6.262,1.572,1.463,1.141,0.556,0.453,0.271,2019,SGP
Singapore,31,6.377,11.396,0.91,76.805,0.927,0.11,0.03,2020,SGP
Singapore,32,6.377,11.488,0.915,76.953,0.927,0.082,-0.018,2021,SGP
Singapore,27,6.48,2.149,1.127,0.851,0.672,0.587,0.163,2022,SGP
Slovakia,45,5.995,1.16891,1.26999,0.78902,0.31751,0.03431,0.16893,2015,SVK
Slovakia,45,6.078,1.27973,1.08268,0.70367,0.23391,0.02947,0.13837,2016,SVK
Slovakia,40,6.09800005,1.325393558,1.505059242,0.712732911,0.295817465,0.024210852,0.136544481,2017,SVK
Slovakia,39,6.173,1.21,1.537,0.776,0.354,0.014,0.118,2018,SVK
Slovakia,38,6.198,1.246,1.504,0.881,0.334,0.014,0.121,2019,SVK
Slovakia,37,6.281,10.348,0.922,68.906,0.75,0.918,-0.124,2020,SVK
Slovakia,34,6.331,10.369,0.936,69.201,0.766,0.911,-0.124,2021,SVK
Slovakia,35,6.391,1.736,1.232,0.707,0.479,0.025,0.118,2022,SVK
Slovenia,55,5.848,1.18498,1.27385,0.87337,0.60855,0.03787,0.25328,2015,SVN
Slovenia,63,5.768,1.29947,1.05613,0.79151,0.53164,0.03635,0.25738,2016,SVN
Slovenia,62,5.757999897,1.341205955,1.452518821,0.790828228,0.572575808,0.045128979,0.242649093,2017,SVN
Slovenia,51,5.948,1.219,1.506,0.856,0.633,0.051,0.16,2018,SVN
Slovenia,44,6.118,1.258,1.523,0.953,0.564,0.057,0.144,2019,SVN
Slovenia,33,6.363,10.392,0.94,71.103,0.936,0.817,-0.081,2020,SVN
Slovenia,29,6.461,10.529,0.948,71.4,0.949,0.806,-0.101,2021,SVN
Slovenia,22,6.63,1.81,1.249,0.769,0.685,0.115,0.118,2022,SVN
Somalia,76,5.44,0,0.33613,0.11466,0.56778,0.3118,0.27225,2016,SOM
Somalia,93,5.151000023,0.022643184,0.721151352,0.113989137,0.602126956,0.282410324,0.291631311,2017,SOM
Somalia,98,4.982,0,0.712,0.115,0.674,0.282,0.238,2018,SOM
Somalia,112,4.668,0,0.698,0.268,0.559,0.27,0.243,2019,SOM
Somaliland region,91,5.057,0.18847,0.95152,0.43873,0.46582,0.39928,0.50318,2015,NA
Somaliland Region,97,5.057,0.25558,0.75862,0.33108,0.3913,0.36794,0.51479,2016,NA
South Africa,113,4.642,0.92049,1.18468,0.27688,0.33207,0.08884,0.11973,2015,ZAF
South Africa,116,4.459,1.02416,0.96053,0.18611,0.42483,0.08415,0.13656,2016,ZAF
South Africa,101,4.828999996,1.054698706,1.384788632,0.18708007,0.479246736,0.072509497,0.13936238,2017,ZAF
South Africa,105,4.724,0.94,1.41,0.33,0.516,0.056,0.103,2018,ZAF
South Africa,106,4.722,0.96,1.351,0.469,0.389,0.055,0.13,2019,ZAF
South Africa,109,4.814,9.403,0.853,56.506,0.759,0.843,-0.11,2020,ZAF
South Africa,103,4.956,9.403,0.86,56.904,0.749,0.86,-0.067,2021,ZAF
South Africa,91,5.194,1.425,1.088,0.361,0.442,0.046,0.089,2022,ZAF
South Korea,47,5.984,1.24461,0.95774,0.96538,0.33208,0.07857,0.18557,2015,NA
South Korea,57,5.835,1.35948,0.72194,0.88645,0.25168,0.07716,0.18824,2016,NA
South Korea,55,5.837999821,1.401678443,1.128274441,0.900214076,0.257921666,0.063282669,0.206674367,2017,NA
South Korea,57,5.875,1.266,1.204,0.955,0.244,0.051,0.175,2018,NA
South Korea,54,5.895,1.301,1.219,1.036,0.159,0.056,0.175,2019,NA
South Korea,61,5.872,10.511,0.799,73.603,0.613,0.789,-0.043,2020,NA
South Korea,62,5.845,10.651,0.799,73.9,0.672,0.727,-0.083,2021,NA
South Korea,59,5.935,1.851,0.886,0.841,0.414,0.176,0.111,2022,NA
South Sudan,143,3.832,0.39394,0.18519,0.15781,0.19662,0.13015,0.25899,2016,NA
South Sudan,147,3.59100008,0.397248626,0.601323128,0.163486004,0.147062436,0.116793513,0.285670817,2017,NA
South Sudan,154,3.254,0.337,0.608,0.177,0.112,0.106,0.224,2018,NA
South Sudan,156,2.853,0.306,0.575,0.295,0.01,0.091,0.202,2019,NA
South Sudan,152,2.817,7.425,0.554,51,0.451,0.763,0.017,2020,NA
Spain,36,6.329,1.23011,1.31379,0.95562,0.45951,0.06398,0.18227,2015,ESP
Spain,37,6.361,1.34253,1.12945,0.87896,0.37545,0.06137,0.17665,2016,ESP
Spain,34,6.402999878,1.384397864,1.532090902,0.8889606,0.40878123,0.070914097,0.190133572,2017,ESP
Spain,36,6.31,1.251,1.538,0.965,0.449,0.074,0.142,2018,ESP
Spain,30,6.354,1.286,1.484,1.062,0.362,0.079,0.153,2019,ESP
Spain,28,6.401,10.463,0.921,74.403,0.752,0.766,-0.051,2020,ESP
Spain,27,6.491,10.571,0.932,74.7,0.761,0.745,-0.081,2021,ESP
Spain,29,6.476,1.808,1.211,0.808,0.505,0.149,0.101,2022,ESP
Sri Lanka,132,4.271,0.83524,1.01905,0.70806,0.53726,0.09179,0.40828,2015,LKA
Sri Lanka,117,4.415,0.97318,0.84783,0.62007,0.50817,0.07964,0.46978,2016,LKA
Sri Lanka,120,4.440000057,1.009850144,1.259976387,0.625130832,0.561213255,0.073653966,0.490863562,2017,LKA
Sri Lanka,116,4.471,0.918,1.314,0.672,0.585,0.05,0.307,2018,LKA
Sri Lanka,130,4.366,0.949,1.265,0.831,0.47,0.047,0.244,2019,LKA
Sri Lanka,130,4.327,9.39,0.825,67.2,0.838,0.859,0.081,2020,LKA
Sri Lanka,129,4.325,9.47,0.827,67.299,0.841,0.863,0.079,2021,LKA
Sri Lanka,127,4.362,1.415,0.934,0.66,0.529,0.079,0.15,2022,LKA
Sudan,118,4.55,0.52107,1.01404,0.36878,0.10081,0.1466,0.19062,2015,SDN
Sudan,133,4.139,0.63069,0.81928,0.29759,0,0.10039,0.18077,2016,SDN
Sudan,130,4.138999939,0.659516692,1.21400857,0.290920824,0.014995855,0.08984752,0.182317451,2017,SDN
Sudan,137,4.139,0.605,1.24,0.312,0.016,0.082,0.134,2018,SDN
Suriname,40,6.269,0.99534,0.972,0.6082,0.59657,0.13633,0.16991,2015,SUR
Suriname,40,6.269,1.09686,0.77866,0.50933,0.52234,0.12692,0.16665,2016,SUR
Swaziland,101,4.867,0.71206,1.07284,0.07566,0.30658,0.0306,0.18259,2015,SWZ
Swaziland,135,4.212,0.811,1.149,0,0.313,0.135,0.074,2019,SWZ
Swaziland,132,4.308,9.163,0.77,51.188,0.647,0.708,-0.199,2020,SWZ
Swaziland,130,4.308,9.065,0.77,50.833,0.647,0.708,-0.185,2021,SWZ
Sweden,8,7.364,1.33171,1.28907,0.91087,0.6598,0.43844,0.36262,2015,SWE
Sweden,10,7.291,1.45181,1.08764,0.83121,0.58218,0.40867,0.38254,2016,SWE
Sweden,9,7.28399992,1.494387269,1.478162169,0.830875158,0.612924099,0.384398729,0.385399252,2017,SWE
Sweden,9,7.314,1.355,1.501,0.913,0.659,0.383,0.285,2018,SWE
Sweden,7,7.343,1.387,1.487,1.009,0.574,0.373,0.267,2019,SWE
Sweden,7,7.353,10.759,0.926,72.601,0.939,0.251,0.112,2020,SWE
Sweden,7,7.363,10.867,0.934,72.7,0.945,0.237,0.086,2021,SWE
Sweden,7,7.384,1.92,1.204,0.803,0.724,0.512,0.218,2022,SWE
Switzerland,1,7.587,1.39651,1.34951,0.94143,0.66557,0.41978,0.29678,2015,CHE
Switzerland,2,7.509,1.52733,1.14524,0.86303,0.58557,0.41203,0.28083,2016,CHE
Switzerland,4,7.493999958,1.564979553,1.516911745,0.858131289,0.620070577,0.367007285,0.290549278,2017,CHE
Switzerland,5,7.487,1.42,1.549,0.927,0.66,0.357,0.256,2018,CHE
Switzerland,6,7.48,1.452,1.526,1.052,0.572,0.343,0.263,2019,CHE
Switzerland,3,7.56,10.98,0.943,74.102,0.921,0.304,0.106,2020,CHE
Switzerland,3,7.571,11.117,0.942,74.4,0.919,0.292,0.025,2021,CHE
Switzerland,4,7.512,2.026,1.226,0.822,0.677,0.461,0.147,2022,CHE
Syria,156,3.006,0.6632,0.47489,0.72193,0.15684,0.18906,0.47179,2015,NA
Syria,156,3.069,0.74719,0.14866,0.62994000000000006,0.06912,0.17233,0.48397,2016,NA
Syria,152,3.461999893,0.777153134,0.396102607,0.500533342,0.081539445,0.151347131,0.493663728,2017,NA
Syria,150,3.462,0.689,0.382,0.539,0.088,0.144,0.376,2018,NA
Syria,149,3.462,0.619,0.378,0.44,0.013,0.141,0.331,2019,NA
Taiwan,38,6.298,1.29098,1.07617,0.8753,0.3974,0.08129,0.25376,2015,NA
Taiwan,34,6.379,1.39729,0.92624,0.79565,0.32377,0.0663,0.25495,2016,NA
Taiwan,26,6.441,1.365,1.436,0.857,0.418,0.078,0.151,2018,NA
Taiwan,25,6.446,1.368,1.43,0.914,0.351,0.097,0.242,2019,NA
Taiwan,26,6.512,1.897,1.095,0.733,0.542,0.168,0.075,2022,NA
Taiwan Province of China,33,6.421999931,1.433626533,1.384565353,0.793984234,0.361466587,0.063829236,0.258360475,2017,NA
Taiwan Province of China,25,6.455,10.776,0.894,69.6,0.772,0.732,-0.073,2020,NA
Taiwan Province of China,24,6.584,10.871,0.898,69.6,0.784,0.721,-0.07,2021,NA
Tajikistan,106,4.786,0.39047,0.85563,0.57379,0.47216,0.15072,0.22974,2015,TJK
Tajikistan,100,4.996,0.48835,0.75602,0.53119,0.43408,0.13509,0.25998,2016,TJK
Tajikistan,96,5.040999889,0.524713635,1.271463275,0.529235125,0.471566707,0.146377146,0.248997644,2017,TJK
Tajikistan,88,5.199,0.474,1.166,0.598,0.292,0.034,0.187,2018,TJK
Tajikistan,74,5.467,0.493,1.098,0.718,0.389,0.144,0.23,2019,TJK
Tajikistan,71,5.556,8.025,0.835,64.105,0.831,0.592,-0.025,2020,TJK
Tajikistan,78,5.466,8.091,0.86,64.281,0.832,0.553,-0.056,2021,TJK
Tajikistan,83,5.377,0.966,1.005,0.518,0.572,0.304,0.118,2022,TJK
Tanzania,146,3.781,0.2852,1.00268,0.38215,0.32878,0.05747,0.34377,2015,NA
Tanzania,149,3.666,0.47155,0.77623,0.357,0.3176,0.05099,0.31472,2016,NA
Tanzania,153,3.348999977,0.511135876,1.041989803,0.364509284,0.390017778,0.066035107,0.354256362,2017,NA
Tanzania,153,3.303,0.455,0.991,0.381,0.481,0.097,0.27,2018,NA
Tanzania,153,3.231,0.476,0.885,0.499,0.417,0.147,0.276,2019,NA
Tanzania,148,3.476,7.968,0.689,57.496,0.822,0.62,0.11,2020,NA
Tanzania,142,3.623,7.876,0.702,57.999,0.833,0.577,0.183,2021,NA
Tanzania,139,3.702,0.848,0.597,0.425,0.578,0.27,0.248,2022,NA
Thailand,34,6.455,0.9669,1.26504,0.7385,0.55664,0.03187,0.5763,2015,THA
Thailand,33,6.474,1.0893,1.04477,0.64915,0.49553,0.02833,0.58696,2016,THA
Thailand,32,6.423999786,1.127868772,1.425792456,0.647239029,0.580200732,0.031612735,0.57212311,2017,THA
Thailand,46,6.072,1.016,1.417,0.707,0.637,0.029,0.364,2018,THA
Thailand,52,6.008,1.05,1.409,0.828,0.557,0.028,0.359,2019,THA
Thailand,54,5.999,9.742,0.89,67.251,0.905,0.886,0.269,2020,THA
Thailand,54,5.985,9.805,0.888,67.401,0.884,0.895,0.287,2021,THA
Thailand,61,5.891,1.535,1.096,0.697,0.617,0.026,0.321,2022,THA
Togo,158,2.839,0.20868,0.13995,0.28443,0.36453,0.10731,0.16681000000000001,2015,TGO
Togo,155,3.303,0.28123,0,0.24811,0.34678,0.11587,0.17517,2016,TGO
Togo,150,3.494999886,0.305444717,0.43188253,0.247105569,0.380426139,0.095665015,0.196896151,2017,TGO
Togo,139,3.999,0.259,0.474,0.253,0.434,0.101,0.158,2018,TGO
Togo,139,4.085,0.275,0.572,0.41,0.293,0.085,0.177,2019,TGO
Togo,135,4.187,7.358,0.551,54.72,0.65,0.758,0.003,2020,TGO
Togo,136,4.107,7.362,0.569,54.914,0.619,0.772,0.032,2021,TGO
Togo,135,4.112,0.771,0.322,0.36,0.292,0.132,0.174,2022,TGO
Trinidad & Tobago,38,6.192,1.223,1.492,0.564,0.575,0.019,0.171,2018,NA
Trinidad & Tobago,39,6.192,1.231,1.477,0.713,0.489,0.016,0.185,2019,NA
Trinidad and Tobago,41,6.168,1.21183,1.18354,0.61483,0.55884,0.0114,0.31844,2015,TTO
Trinidad and Tobago,43,6.168,1.32572,0.98569,0.52608,0.48453,0.01241,0.31935,2016,TTO
Trinidad and Tobago,38,6.168000221,1.361355901,1.380228519,0.519983292,0.518630743,0.008964816,0.325296462,2017,TTO
Trinidad and Tobago,42,6.192,10.26,0.915,63.5,0.858,0.912,0.001,2020,TTO
Tunisia,107,4.739,0.88113,0.60429,0.73793,0.26268,0.06358,0.06431,2015,TUN
Tunisia,98,5.045,0.97724,0.43165,0.59577,0.23553,0.0817,0.03936,2016,TUN
Tunisia,102,4.804999828,1.007265806,0.86835146,0.613212049,0.28968069,0.086723149,0.049693357,2017,TUN
Tunisia,111,4.592,0.9,0.906,0.69,0.271,0.063,0.04,2018,TUN
Tunisia,124,4.461,0.921,1,0.815,0.167,0.055,0.059,2019,TUN
Tunisia,128,4.392,9.315,0.689,66.898,0.593,0.868,-0.216,2020,TUN
Tunisia,122,4.596,9.266,0.691,67.201,0.656,0.87,-0.201,2021,TUN
Tunisia,120,4.516,1.35,0.596,0.656,0.316,0.029,0.029,2022,TUN
Turkey,76,5.332,1.06098,0.94632,0.73172,0.22815,0.15746,0.12253,2015,TUR
Turkey,78,5.389,1.16492,0.87717,0.64718,0.23889,0.12348,0.04707,2016,TUR
Turkey,69,5.5,1.198274374,1.337753177,0.637605608,0.3007406,0.09967158,0.046693042,2017,TUR
Turkey,74,5.483,1.148,1.38,0.686,0.324,0.109,0.106,2018,TUR
Turkey,79,5.373,1.183,1.36,0.808,0.195,0.106,0.083,2019,TUR
Turkey,93,5.132,10.129,0.826,66.903,0.609,0.748,-0.171,2020,TUR
Turkey,104,4.948,10.24,0.822,67.199,0.576,0.776,-0.139,2021,TUR
Turkey,112,4.744,1.707,0.865,0.702,0.209,0.115,0.087,2022,TUR
Turkmenistan,70,5.548,0.95847,1.22668,0.53886,0.4761,0.30844,0.16979,2015,TKM
Turkmenistan,65,5.658,1.08017,1.03817,0.44006,0.37408,0.28467,0.22567,2016,TKM
Turkmenistan,59,5.822000027,1.130776763,1.493149161,0.43772608,0.418271929,0.25927034,0.249924988,2017,TKM
Turkmenistan,68,5.636,1.016,1.533,0.517,0.417,0.037,0.199,2018,TKM
Turkmenistan,87,5.247,1.052,1.538,0.657,0.394,0.028,0.244,2019,TKM
Turkmenistan,95,5.119,9.748,0.959,62.212,0.826,0.884,0.188,2020,TKM
Turkmenistan,97,5.066,9.629,0.983,62.409,0.877,0.888,0.273,2021,TKM
Turkmenistan,78,5.474,1.484,1.319,0.516,0.649,0.032,0.314,2022,TKM
Uganda,141,3.931,0.21102,1.13299,0.33861,0.45727,0.07267,0.29066,2015,UGA
Uganda,145,3.739,0.34719,0.90981,0.19625,0.43653,0.06442,0.27102,2016,UGA
Uganda,133,4.080999851,0.381430715,1.129827738,0.217632607,0.443185955,0.057069719,0.325766057,2017,UGA
Uganda,135,4.161,0.322,1.09,0.237,0.45,0.061,0.259,2018,UGA
Uganda,136,4.189,0.332,1.069,0.443,0.356,0.06,0.252,2019,UGA
Uganda,126,4.432,7.5,0.765,55.708,0.732,0.837,0.099,2020,UGA
Uganda,119,4.636,7.677,0.781,56.101,0.709,0.855,0.122,2021,UGA
Uganda,117,4.603,0.777,0.875,0.418,0.402,0.066,0.222,2022,UGA
Ukraine,111,4.681,0.79907,1.20278,0.6739,0.25123,0.02961,0.15275,2015,UKR
Ukraine,123,4.324,0.87287,1.01413,0.58628,0.12859,0.01829,0.20363,2016,UKR
Ukraine,132,4.096000195,0.894651949,1.394537568,0.575903952,0.122974776,0.023029471,0.270061463,2017,UKR
Ukraine,138,4.103,0.793,1.413,0.609,0.163,0.011,0.187,2018,UKR
Ukraine,133,4.332,0.82,1.39,0.739,0.178,0.01,0.187,2019,UKR
Ukraine,123,4.561,9.011,0.879,64.607,0.663,0.921,-0.031,2020,UKR
Ukraine,110,4.875,9.436,0.888,64.902,0.724,0.924,-0.011,2021,UKR
Ukraine,98,5.084,1.411,1.081,0.583,0.473,0.017,0.188,2022,UKR
United Arab Emirates,20,6.901,1.42727,1.12575,0.80925,0.64157,0.38583,0.26428,2015,ARE
United Arab Emirates,28,6.573,1.57352,0.87114,0.72993,0.56215,0.35561,0.26591,2016,ARE
United Arab Emirates,21,6.647999763,1.626343369,1.266410232,0.726798236,0.60834527,0.324489564,0.360941947,2017,ARE
United Arab Emirates,20,6.774,2.096,0.776,0.67,0.284,0,0.186,2018,ARE
United Arab Emirates,21,6.825,1.503,1.31,0.825,0.598,0.182,0.262,2019,ARE
United Arab Emirates,21,6.791,11.11,0.849,67.083,0.941,0.595,0.123,2020,ARE
United Arab Emirates,25,6.561,11.085,0.844,67.333,0.932,0.589,0.074,2021,ARE
United Arab Emirates,24,6.576,1.998,0.98,0.633,0.702,0.25,0.204,2022,ARE
United Kingdom,21,6.867,1.26637,1.28548,0.90943,0.59625,0.32067,0.51912,2015,GBR
United Kingdom,23,6.725,1.40283,1.08672,0.80991,0.50036,0.27399,0.50156,2016,GBR
United Kingdom,19,6.714000225,1.44163394,1.49646008,0.805335939,0.508190036,0.265428066,0.492774159,2017,GBR
United Kingdom,11,7.19,1.244,1.433,0.888,0.464,0.082,0.262,2018,GBR
United Kingdom,15,7.054,1.333,1.538,0.996,0.45,0.278,0.348,2019,GBR
United Kingdom,13,7.165,10.6,0.937,72.302,0.835,0.436,0.264,2020,GBR
United Kingdom,17,7.064,10.707,0.934,72.5,0.859,0.459,0.233,2021,GBR
United Kingdom,17,6.943,1.867,1.143,0.75,0.597,0.329,0.289,2022,GBR
United States,15,7.119,1.39451,1.24711,0.86179,0.54604,0.1589,0.40105,2015,USA
United States,13,7.104,1.50796,1.04782,0.779,0.48163,0.14868,0.41077,2016,USA
United States,14,6.993000031,1.546259284,1.419920564,0.774286628,0.505740523,0.135638788,0.392578781,2017,USA
United States,18,6.886,1.398,1.471,0.819,0.547,0.133,0.291,2018,USA
United States,19,6.892,1.433,1.457,0.874,0.454,0.128,0.28,2019,USA
United States,18,6.94,10.926,0.914,68.299,0.843,0.7,0.15,2020,USA
United States,19,6.951,11.023,0.92,68.2,0.837,0.698,0.098,2021,USA
United States,16,6.977,1.982,1.182,0.628,0.574,0.177,0.22,2022,USA
Uruguay,32,6.485,1.06166,1.2089,0.8116,0.60362,0.24558,0.2324,2015,URY
Uruguay,29,6.545,1.18157,1.03143,0.72183,0.54388,0.21394,0.18056,2016,URY
Uruguay,28,6.453999996,1.217559695,1.412227869,0.719216824,0.579392254,0.178061873,0.175096929,2017,URY
Uruguay,31,6.379,1.093,1.459,0.771,0.625,0.155,0.13,2018,URY
Uruguay,33,6.293,1.124,1.465,0.891,0.523,0.15,0.127,2019,URY
Uruguay,26,6.44,9.948,0.923,69.003,0.892,0.636,-0.101,2020,URY
Uruguay,31,6.431,9.966,0.925,69.1,0.896,0.59,-0.092,2021,URY
Uruguay,30,6.474,1.615,1.18,0.672,0.665,0.265,0.103,2022,URY
Uzbekistan,44,6.003,0.63244,1.34043,0.59772,0.65821,0.30826,0.22837,2015,UZB
Uzbekistan,49,5.987,0.73591,1.1681,0.50163,0.60848,0.28333,0.34326,2016,UZB
Uzbekistan,47,5.971000195,0.786441088,1.54896915,0.498272628,0.658248663,0.246528223,0.415983647,2017,UZB
Uzbekistan,44,6.096,0.719,1.584,0.605,0.724,0.259,0.328,2018,UZB
Uzbekistan,41,6.174,0.745,1.529,0.756,0.631,0.24,0.322,2019,UZB
Uzbekistan,38,6.258,8.74,0.927,65.108,0.975,0.501,0.248,2020,UZB
Uzbekistan,42,6.179,8.836,0.918,65.255,0.97,0.515,0.311,2021,UZB
Uzbekistan,53,6.063,1.219,1.092,0.6,0.716,0.24,0.283,2022,UZB
Venezuela,23,6.81,1.04424,1.25596,0.72052,0.42908,0.11069,0.05841,2015,NA
Venezuela,44,6.084,1.13367,1.03302,0.61904,0.19847,0.08304,0.0425,2016,NA
Venezuela,82,5.25,1.128431201,1.431337595,0.617144227,0.153997123,0.064491123,0.06501963,2017,NA
Venezuela,102,4.806,0.996,1.469,0.657,0.133,0.052,0.056,2018,NA
Venezuela,108,4.707,0.96,1.427,0.805,0.154,0.047,0.064,2019,NA
Venezuela,99,5.053,8.978,0.89,66.505,0.623,0.837,-0.169,2020,NA
Venezuela,107,4.892,9.073,0.861,66.7,0.615,0.827,-0.169,2021,NA
Venezuela,108,4.925,0,0.968,0.578,0.283,0.082,0.225,2022,NA
Vietnam,75,5.36,0.63216,0.91226,0.74676,0.59444,0.10441,0.1686,2015,NA
Vietnam,96,5.061,0.74037,0.79117,0.66157,0.55954,0.11556,0.25075,2016,NA
Vietnam,94,5.073999882,0.788547575,1.277491331,0.652168989,0.571055591,0.087633237,0.234968051,2017,NA
Vietnam,95,5.103,0.715,1.365,0.702,0.618,0.079,0.177,2018,NA
Vietnam,94,5.175,0.741,1.346,0.851,0.543,0.073,0.147,2019,NA
Vietnam,83,5.353,8.81,0.85,67.953,0.94,0.796,-0.095,2020,NA
Vietnam,79,5.411,8.973,0.85,68.034,0.94,0.796,-0.098,2021,NA
Vietnam,77,5.485,1.252,0.932,0.611,0.707,0.105,0.143,2022,NA
Yemen,136,4.077,0.54649,0.68093,0.40064,0.35571,0.07854,0.09131,2015,YEM
Yemen,147,3.724,0.57939,0.47493,0.31048,0.2287,0.05892,0.09821,2016,YEM
Yemen,146,3.592999935,0.591683447,0.93538224699999994,0.310080916,0.249463722,0.056767423,0.104125209,2017,YEM
Yemen,152,3.355,0.442,1.073,0.343,0.244,0.064,0.083,2018,YEM
Yemen,151,3.38,0.287,1.163,0.463,0.143,0.077,0.108,2019,YEM
Yemen,146,3.527,7.76,0.818,56.727,0.6,0.8,-0.158,2020,YEM
Yemen,141,3.658,7.578,0.832,57.122,0.602,0.8,-0.147,2021,YEM
Yemen,132,4.197,0.691,1.043,0.384,0.33,0.098,0.09,2022,YEM
Zambia,85,5.129,0.47038,0.91612,0.29924,0.48827,0.12468,0.19591,2015,ZMB
Zambia,106,4.795,0.61202,0.6376,0.23573,0.42662,0.11479,0.17866,2016,ZMB
Zambia,116,4.513999939,0.636406779,1.003187299,0.257835895,0.461603492,0.07821355,0.249580145,2017,ZMB
Zambia,125,4.377,0.562,1.047,0.295,0.503,0.082,0.221,2018,ZMB
Zambia,138,4.107,0.578,1.058,0.426,0.431,0.087,0.247,2019,ZMB
Zambia,141,3.759,8.225,0.699,55.299,0.807,0.801,0.078,2020,ZMB
Zambia,137,4.073,8.145,0.708,55.809,0.782,0.823,0.061,2021,ZMB
Zambia,137,3.76,0.93,0.577,0.306,0.525,0.083,0.203,2022,ZMB
Zimbabwe,115,4.61,0.271,1.03276,0.33475,0.25861,0.08079,0.18987,2015,ZWE
Zimbabwe,131,4.193,0.35041,0.71478,0.1595,0.25429,0.08582,0.18503,2016,ZWE
Zimbabwe,138,3.875,0.375846535,1.083095908,0.196763754,0.336384207,0.095375381,0.189143494,2017,ZWE
Zimbabwe,144,3.692,0.357,1.094,0.248,0.406,0.099,0.132,2018,ZWE
Zimbabwe,146,3.663,0.366,1.114,0.433,0.361,0.089,0.151,2019,ZWE
Zimbabwe,151,3.299,7.866,0.763,55.617,0.711,0.81,-0.072,2020,ZWE
Zimbabwe,148,3.145,7.943,0.75,56.201,0.677,0.821,-0.047,2021,ZWE
Zimbabwe,144,2.995,0.947,0.69,0.27,0.329,0.105,0.106,2022,ZWE
